Time[1].y;tan.vol[1].T;tan.vol[2].T;tan.vol[3].T;tan.vol[4].T;tan.vol[5].T;tan.vol[6].T;tan.vol[7].T;tan.vol[8].T;tan.vol[9].T;tan.vol[10].T;tan.vol[11].T;tan.vol[12].T;tan.vol[13].T;tan.vol[14].T;tan.vol[15].T;tan.vol[16].T;tan.vol[17].T;tan.vol[18].T;tan.vol[19].T;tan.vol[20].T;onOffController.y
0;334.059;333.799;333.31;332.81;332.36;332.06;331.06;330.855;330.531;330.461;330.361;330.341;330.341;330.341;330.341;330.291;330.261;330.221;330.191;330.181;0
2.4;334.06;333.799;333.31;332.81;332.36;332.06;331.061;330.856;330.531;330.461;330.372;330.359;330.363;330.352;330.336;330.288;330.257;330.22;330.212;330.204;0
4.8;334.06;333.799;333.309;332.81;332.36;332.06;331.061;330.856;330.532;330.462;330.392;330.373;330.37;330.35;330.332;330.285;330.255;330.234;330.232;330.224;0
7.2;334.061;333.799;333.309;332.81;332.36;332.061;331.062;330.857;330.532;330.462;330.405;330.386;330.371;330.349;330.327;330.283;330.261;330.253;330.25;330.244;0
9.6;334.061;333.799;333.309;332.81;332.36;332.061;331.062;330.857;330.533;330.463;330.413;330.39;330.371;330.347;330.323;330.283;330.275;330.271;330.268;330.261;0
12;334.062;333.798;333.309;332.81;332.361;332.061;331.063;330.858;330.533;330.464;330.422;330.392;330.372;330.345;330.32;330.289;330.289;330.287;330.284;330.278;0
14.4;334.062;333.798;333.309;332.81;332.361;332.061;331.063;330.858;330.534;330.464;330.424;330.393;330.372;330.343;330.319;330.302;330.304;330.302;330.298;330.293;0
16.8;334.063;333.798;333.309;332.81;332.361;332.061;331.064;330.859;330.535;330.465;330.425;330.394;330.373;330.341;330.322;330.317;330.318;330.316;330.312;330.308;0
19.2;334.055;333.783;333.294;332.796;332.351;332.032;331.058;330.85;330.533;330.464;330.425;330.394;330.369;330.163;330.154;330.151;330.152;330.15;330.146;330.142;0
21.6;334.037;333.75;333.261;332.767;332.329;331.969;331.044;330.83;330.529;330.462;330.423;330.392;330.343;329.787;329.78;329.777;329.778;329.775;329.772;329.768;0
24;334.017;333.716;333.227;332.737;332.303;331.908;331.03;330.81;330.525;330.46;330.421;330.388;330.294;329.406;329.4;329.398;329.398;329.395;329.392;329.389;0
26.4;333.996;333.682;333.193;332.707;332.275;331.849;331.015;330.792;330.521;330.458;330.419;330.379;330.224;329.03;329.025;329.023;329.022;329.02;329.016;329.014;0
28.8;333.975;333.649;333.16;332.678;332.245;331.794;331;330.774;330.518;330.456;330.417;330.366;330.135;328.659;328.654;328.653;328.652;328.649;328.646;328.644;0
31.2;333.952;333.615;333.127;332.648;332.214;331.741;330.985;330.757;330.514;330.454;330.413;330.347;330.027;328.292;328.288;328.287;328.286;328.283;328.28;328.279;0
33.6;333.929;333.581;333.094;332.618;332.181;331.69;330.97;330.742;330.51;330.451;330.408;330.321;329.902;327.931;327.927;327.926;327.925;327.922;327.919;327.918;0
36;333.906;333.548;333.061;332.588;332.148;331.642;330.955;330.727;330.507;330.449;330.401;330.289;329.762;327.574;327.571;327.569;327.568;327.565;327.563;327.562;0
38.4;333.881;333.514;333.029;332.557;332.113;331.596;330.94;330.712;330.503;330.445;330.392;330.249;329.608;327.221;327.218;327.217;327.215;327.212;327.21;327.209;0
40.8;333.856;333.481;332.996;332.527;332.078;331.552;330.925;330.699;330.5;330.442;330.381;330.2;329.443;326.872;326.87;326.868;326.866;326.864;326.862;326.861;0
43.2;333.831;333.447;332.964;332.496;332.042;331.51;330.91;330.686;330.496;330.437;330.366;330.144;329.266;326.527;326.525;326.524;326.522;326.519;326.518;326.517;0
45.6;333.805;333.414;332.932;332.464;332.006;331.469;330.895;330.673;330.493;330.432;330.349;330.079;329.077;326.187;326.185;326.183;326.181;326.179;326.177;326.177;0
48;333.778;333.38;332.9;332.433;331.97;331.431;330.88;330.662;330.489;330.427;330.329;330.007;328.876;325.85;325.848;325.847;325.845;325.842;325.841;325.841;0
50.4;333.751;333.347;332.867;332.401;331.933;331.394;330.866;330.651;330.485;330.42;330.305;329.926;328.667;325.517;325.515;325.513;325.511;325.509;325.508;325.508;0
52.8;333.723;333.314;332.835;332.369;331.896;331.359;330.852;330.64;330.481;330.411;330.277;329.836;328.451;325.186;325.184;325.183;325.181;325.179;325.178;325.178;0
55.2;333.696;333.281;332.803;332.336;331.86;331.325;330.838;330.629;330.476;330.401;330.244;329.738;328.228;324.858;324.856;324.855;324.853;324.851;324.85;324.85;0
57.6;333.668;333.248;332.771;332.304;331.824;331.292;330.824;330.619;330.471;330.39;330.207;329.631;327.998;324.533;324.531;324.53;324.528;324.526;324.526;324.525;0
60;333.639;333.215;332.739;332.271;331.788;331.261;330.811;330.61;330.465;330.376;330.165;329.516;327.761;324.21;324.209;324.207;324.205;324.204;324.203;324.203;0
62.4;333.61;333.182;332.707;332.238;331.753;331.23;330.797;330.6;330.459;330.36;330.117;329.393;327.52;323.89;323.888;323.887;323.885;323.884;323.883;323.883;0
64.8;333.581;333.15;332.674;332.205;331.717;331.201;330.784;330.591;330.452;330.342;330.065;329.263;327.273;323.572;323.57;323.569;323.567;323.566;323.566;323.566;0
67.2;333.552;333.117;332.642;332.171;331.683;331.173;330.772;330.582;330.444;330.322;330.007;329.124;327.021;323.257;323.255;323.253;323.252;323.251;323.251;323.251;0
69.6;333.523;333.084;332.61;332.138;331.648;331.146;330.759;330.572;330.435;330.298;329.944;328.979;326.767;322.943;322.941;322.94;322.939;322.938;322.937;322.937;0
72;333.493;333.051;332.577;332.105;331.615;331.12;330.747;330.562;330.424;330.271;329.874;328.828;326.511;322.632;322.63;322.629;322.627;322.626;322.626;322.626;0
74.4;333.463;333.018;332.545;332.072;331.582;331.094;330.734;330.552;330.412;330.24;329.799;328.67;326.252;322.322;322.321;322.319;322.318;322.317;322.317;322.317;0
76.8;333.433;332.986;332.512;332.039;331.549;331.07;330.722;330.542;330.398;330.206;329.719;328.506;325.99;322.015;322.014;322.012;322.011;322.01;322.01;322.01;0
79.2;333.403;332.953;332.48;332.006;331.517;331.046;330.71;330.531;330.383;330.17;329.632;328.335;325.724;321.71;321.709;321.707;321.706;321.706;321.706;321.706;0
81.6;333.373;332.92;332.447;331.973;331.486;331.023;330.698;330.521;330.367;330.13;329.54;328.157;325.455;321.407;321.406;321.405;321.404;321.403;321.403;321.403;0
84;333.342;332.888;332.415;331.94;331.455;331.001;330.686;330.51;330.349;330.087;329.442;327.972;325.183;321.107;321.105;321.104;321.103;321.103;321.103;321.103;0
86.4;333.312;332.855;332.382;331.907;331.424;330.979;330.674;330.497;330.329;330.039;329.339;327.784;324.912;320.808;320.807;320.805;320.805;320.804;320.804;320.804;0
88.8;333.281;332.822;332.35;331.875;331.395;330.958;330.661;330.484;330.306;329.987;329.23;327.591;324.64;320.511;320.51;320.509;320.508;320.508;320.508;320.508;0
91.2;333.25;332.79;332.317;331.843;331.365;330.937;330.649;330.471;330.282;329.931;329.116;327.392;324.365;320.217;320.216;320.215;320.214;320.214;320.214;320.214;0
93.6;333.219;332.757;332.285;331.81;331.337;330.918;330.637;330.457;330.256;329.872;328.995;327.187;324.088;319.925;319.924;319.923;319.922;319.922;319.922;319.922;0
96;333.188;332.725;332.252;331.779;331.309;330.898;330.624;330.442;330.228;329.809;328.87;326.977;323.809;319.635;319.634;319.633;319.632;319.632;319.632;319.632;0
98.4;333.157;332.692;332.22;331.747;331.281;330.88;330.612;330.427;330.198;329.743;328.738;326.761;323.529;319.347;319.346;319.345;319.344;319.344;319.344;319.344;0
100.8;333.126;332.66;332.188;331.715;331.254;330.862;330.599;330.41;330.164;329.671;328.602;326.543;323.25;319.061;319.06;319.059;319.059;319.059;319.059;319.059;0
103.2;333.094;332.627;332.155;331.684;331.228;330.843;330.585;330.391;330.127;329.595;328.46;326.323;322.971;318.778;318.777;318.776;318.776;318.776;318.776;318.776;0
105.6;333.063;332.595;332.123;331.654;331.202;330.825;330.572;330.372;330.088;329.514;328.313;326.098;322.692;318.497;318.496;318.495;318.495;318.495;318.495;318.495;0
108;333.031;332.562;332.091;331.623;331.176;330.808;330.557;330.351;330.046;329.429;328.161;325.869;322.413;318.218;318.217;318.217;318.217;318.217;318.217;318.217;0
110.4;333;332.53;332.059;331.593;331.152;330.79;330.543;330.328;330.002;329.34;328.004;325.636;322.133;317.942;317.941;317.941;317.94;317.94;317.94;317.94;0
112.8;332.968;332.498;332.028;331.563;331.127;330.774;330.528;330.305;329.955;329.246;327.841;325.399;321.852;317.668;317.667;317.666;317.666;317.666;317.666;317.666;0
115.2;332.936;332.465;331.996;331.534;331.103;330.757;330.512;330.28;329.904;329.148;327.674;325.16;321.573;317.396;317.395;317.395;317.395;317.395;317.395;317.395;0
117.388;332.907;332.436;331.967;331.507;331.082;330.741;330.496;330.254;329.854;329.054;327.518;324.942;321.32;317.151;317.15;317.15;317.15;317.15;317.15;317.15;0
117.388;332.907;332.436;331.967;331.507;331.082;330.741;330.496;330.254;329.854;329.054;327.518;324.942;321.32;317.151;317.15;317.15;317.15;317.15;317.15;317.15;1
117.6;332.905;332.433;331.965;331.505;331.08;330.739;330.495;330.252;329.85;329.045;327.503;324.92;321.295;317.127;317.127;317.126;317.126;317.126;317.126;317.126;1
120;332.873;332.401;331.934;331.476;331.057;330.723;330.479;330.224;329.794;328.938;327.325;324.674;321.016;316.869;316.869;316.869;316.868;316.868;316.868;316.868;1
122.4;332.842;332.37;331.903;331.449;331.035;330.707;330.462;330.195;329.735;328.827;327.144;324.427;320.74;316.624;316.624;316.623;316.623;316.623;316.623;316.623;1
124.8;332.811;332.339;331.873;331.422;331.015;330.692;330.445;330.164;329.672;328.712;326.959;324.179;320.467;316.392;316.391;316.391;316.391;316.391;316.391;316.391;1
127.2;332.781;332.309;331.844;331.396;330.995;330.677;330.427;330.131;329.607;328.592;326.771;323.929;320.197;316.172;316.171;316.171;316.171;316.171;316.171;316.171;1
129.6;332.752;332.279;331.816;331.371;330.975;330.662;330.408;330.096;329.538;328.468;326.578;323.68;319.932;315.964;315.963;315.963;315.963;315.963;315.963;315.963;1
132;332.722;332.25;331.788;331.347;330.957;330.647;330.389;330.06;329.466;328.34;326.383;323.429;319.671;315.768;315.767;315.767;315.767;315.767;315.767;315.767;1
134.4;332.693;332.221;331.761;331.323;330.939;330.633;330.369;330.021;329.391;328.208;326.184;323.179;319.416;315.583;315.583;315.583;315.583;315.583;315.583;315.583;1
136.8;332.665;332.193;331.734;331.301;330.921;330.618;330.348;329.981;329.312;328.072;325.982;322.929;319.165;315.41;315.41;315.41;315.41;315.41;315.41;315.41;1
139.2;332.637;332.165;331.708;331.279;330.905;330.603;330.327;329.938;329.229;327.932;325.778;322.679;318.921;315.248;315.248;315.248;315.248;315.248;315.248;315.248;1
141.6;332.609;332.138;331.683;331.257;330.888;330.588;330.304;329.892;329.143;327.787;325.571;322.431;318.682;315.096;315.096;315.096;315.096;315.096;315.096;315.096;1
144;332.582;332.111;331.658;331.237;330.872;330.573;330.279;329.844;329.053;327.639;325.362;322.184;318.45;314.954;314.954;314.954;314.954;314.954;314.954;314.954;1
146.4;332.555;332.085;331.634;331.217;330.857;330.558;330.254;329.794;328.96;327.488;325.151;321.938;318.225;314.821;314.821;314.821;314.821;314.821;314.821;314.821;1
148.8;332.528;332.059;331.611;331.197;330.841;330.542;330.227;329.741;328.863;327.332;324.937;321.694;318.006;314.696;314.696;314.696;314.696;314.696;314.696;314.696;1
151.2;332.502;332.033;331.588;331.178;330.826;330.525;330.198;329.685;328.763;327.173;324.723;321.453;317.794;314.579;314.579;314.579;314.579;314.579;314.579;314.579;1
153.6;332.476;332.008;331.566;331.16;330.811;330.508;330.168;329.626;328.658;327.011;324.507;321.214;317.588;314.469;314.469;314.469;314.469;314.469;314.469;314.469;1
156;332.45;331.984;331.544;331.142;330.796;330.491;330.136;329.565;328.55;326.845;324.29;320.977;317.39;314.365;314.365;314.365;314.365;314.365;314.365;314.365;1
158.4;332.425;331.96;331.522;331.125;330.782;330.472;330.102;329.5;328.439;326.676;324.072;320.744;317.198;314.266;314.266;314.266;314.266;314.266;314.266;314.266;1
160.8;332.4;331.936;331.502;331.108;330.767;330.453;330.067;329.433;328.323;326.505;323.853;320.514;317.012;314.172;314.172;314.172;314.172;314.172;314.172;314.172;1
163.2;332.375;331.913;331.481;331.091;330.752;330.433;330.029;329.362;328.205;326.33;323.634;320.288;316.833;314.081;314.081;314.081;314.081;314.081;314.081;314.081;1
165.6;332.351;331.89;331.462;331.075;330.737;330.411;329.989;329.289;328.082;326.153;323.415;320.065;316.66;313.993;313.993;313.993;313.993;313.993;313.993;313.993;1
168;332.327;331.868;331.442;331.059;330.721;330.389;329.948;329.212;327.956;325.973;323.196;319.846;316.493;313.906;313.905;313.905;313.905;313.905;313.905;313.905;1
170.4;332.303;331.846;331.423;331.043;330.706;330.366;329.904;329.132;327.827;325.792;322.978;319.63;316.332;313.819;313.819;313.819;313.819;313.819;313.819;313.819;1
172.8;332.28;331.824;331.405;331.027;330.69;330.341;329.857;329.049;327.695;325.607;322.76;319.419;316.175;313.731;313.731;313.731;313.731;313.731;313.731;313.731;1
175.2;332.257;331.803;331.387;331.012;330.673;330.315;329.809;328.963;327.559;325.421;322.543;319.212;316.024;313.64;313.64;313.64;313.64;313.64;313.64;313.64;1
177.6;332.234;331.782;331.369;330.996;330.656;330.287;329.758;328.874;327.42;325.234;322.327;319.008;315.876;313.545;313.545;313.545;313.545;313.545;313.545;313.545;1
180;332.212;331.762;331.351;330.981;330.639;330.258;329.704;328.781;327.278;325.044;322.113;318.809;315.732;313.444;313.444;313.444;313.444;313.444;313.444;313.444;1
182.4;332.19;331.742;331.334;330.966;330.62;330.228;329.648;328.686;327.133;324.854;321.899;318.614;315.59;313.336;313.336;313.336;313.336;313.336;313.336;313.336;1
184.8;332.168;331.722;331.317;330.95;330.602;330.196;329.589;328.587;326.985;324.662;321.688;318.422;315.451;313.219;313.219;313.219;313.219;313.219;313.219;313.219;1
187.2;332.147;331.703;331.3;330.935;330.582;330.162;329.528;328.485;326.835;324.469;321.477;318.234;315.312;313.091;313.091;313.091;313.091;313.091;313.091;313.091;1
189.6;332.125;331.684;331.284;330.919;330.561;330.126;329.464;328.38;326.682;324.275;321.269;318.049;315.174;312.95;312.95;312.95;312.95;312.95;312.95;312.95;1
192;332.104;331.665;331.267;330.903;330.54;330.089;329.398;328.271;326.526;324.08;321.062;317.868;315.035;312.796;312.796;312.796;312.796;312.796;312.796;312.796;1
194.4;332.084;331.646;331.251;330.887;330.517;330.05;329.329;328.16;326.368;323.885;320.858;317.689;314.897;312.639;312.639;312.639;312.639;312.639;312.639;312.639;1
196.8;332.063;331.628;331.235;330.87;330.494;330.009;329.257;328.046;326.208;323.69;320.655;317.513;314.757;312.48;312.48;312.48;312.48;312.48;312.48;312.48;1
199.2;332.043;331.61;331.219;330.853;330.469;329.965;329.182;327.928;326.045;323.494;320.454;317.34;314.616;312.318;312.318;312.318;312.318;312.318;312.318;312.318;1
201.6;332.023;331.593;331.203;330.836;330.443;329.92;329.104;327.808;325.88;323.298;320.256;317.17;314.474;312.156;312.156;312.156;312.156;312.156;312.156;312.156;1
204;332.004;331.575;331.187;330.818;330.416;329.873;329.024;327.685;325.714;323.102;320.059;317.001;314.331;311.995;311.995;311.995;311.995;311.995;311.995;311.995;1
206.4;331.984;331.558;331.171;330.8;330.388;329.823;328.941;327.559;325.546;322.907;319.865;316.834;314.187;311.837;311.837;311.837;311.837;311.837;311.837;311.837;1
208.8;331.965;331.541;331.155;330.78;330.358;329.771;328.855;327.431;325.376;322.712;319.673;316.669;314.042;311.68;311.68;311.68;311.68;311.68;311.68;311.68;1
211.2;331.946;331.524;331.139;330.761;330.327;329.717;328.766;327.3;325.205;322.517;319.482;316.505;313.896;311.524;311.524;311.524;311.524;311.524;311.524;311.524;1
213.6;331.928;331.507;331.122;330.74;330.294;329.661;328.675;327.166;325.032;322.323;319.294;316.342;313.75;311.372;311.372;311.372;311.372;311.372;311.372;311.372;1
216;331.909;331.49;331.106;330.719;330.26;329.602;328.581;327.03;324.858;322.129;319.107;316.181;313.604;311.221;311.221;311.221;311.221;311.221;311.221;311.221;1
218.4;331.891;331.474;331.089;330.697;330.224;329.541;328.483;326.891;324.683;321.936;318.923;316.021;313.457;311.072;311.072;311.072;311.072;311.072;311.072;311.072;1
220.8;331.873;331.457;331.072;330.674;330.186;329.478;328.384;326.75;324.507;321.744;318.74;315.862;313.31;310.925;310.925;310.925;310.925;310.925;310.925;310.925;1
223.2;331.855;331.44;331.054;330.65;330.147;329.412;328.281;326.607;324.33;321.552;318.559;315.704;313.164;310.779;310.779;310.779;310.779;310.779;310.779;310.779;1
225.6;331.837;331.424;331.036;330.625;330.106;329.344;328.176;326.461;324.152;321.362;318.379;315.546;313.017;310.636;310.636;310.636;310.636;310.636;310.636;310.636;1
228;331.82;331.407;331.018;330.599;330.063;329.273;328.068;326.314;323.973;321.172;318.201;315.39;312.871;310.494;310.494;310.494;310.494;310.494;310.494;310.494;1
230.4;331.812;331.4;331.01;330.586;330.039;329.231;328.002;326.222;323.861;321.053;318.09;315.293;312.781;310.425;310.425;310.425;310.425;310.425;310.425;310.425;1
232.8;331.814;331.402;331.011;330.586;330.034;329.217;327.978;326.186;323.817;321.006;318.047;315.257;312.748;310.43;310.43;310.43;310.43;310.43;310.43;310.43;1
235.2;331.82;331.408;331.017;330.59;330.035;329.214;327.969;326.171;323.797;320.985;318.029;315.242;312.736;310.462;310.462;310.462;310.462;310.462;310.462;310.462;1
237.6;331.831;331.418;331.027;330.599;330.045;329.224;327.978;326.18;323.806;320.995;318.04;315.254;312.748;310.526;310.526;310.526;310.526;310.526;310.526;310.526;1
240;331.842;331.428;331.037;330.61;330.056;329.235;327.99;326.193;323.821;321.011;318.056;315.27;312.765;310.596;310.596;310.596;310.596;310.596;310.596;310.596;1
242.4;331.854;331.439;331.048;330.621;330.067;329.248;328.004;326.209;323.838;321.029;318.074;315.288;312.783;310.667;310.667;310.667;310.667;310.667;310.667;310.667;1
244.8;331.865;331.45;331.059;330.633;330.079;329.26;328.017;326.224;323.854;321.045;318.091;315.306;312.801;310.738;310.738;310.738;310.738;310.738;310.738;310.738;1
247.2;331.876;331.46;331.07;330.644;330.09;329.272;328.031;326.238;323.869;321.062;318.108;315.322;312.818;310.808;310.808;310.808;310.808;310.808;310.808;310.808;1
249.6;331.888;331.471;331.08;330.654;330.101;329.284;328.043;326.25;323.883;321.076;318.123;315.337;312.833;310.876;310.876;310.876;310.876;310.876;310.876;310.876;1
252;331.899;331.481;331.091;330.665;330.112;329.295;328.054;326.263;323.895;321.089;318.137;315.352;312.848;310.943;310.943;310.943;310.943;310.943;310.943;310.943;1
254.4;331.91;331.491;331.101;330.675;330.123;329.306;328.065;326.275;323.908;321.103;318.151;315.366;312.863;311.009;311.009;311.009;311.009;311.009;311.009;311.009;1
256.8;331.921;331.502;331.112;330.686;330.134;329.317;328.077;326.287;323.921;321.116;318.164;315.381;312.878;311.076;311.076;311.076;311.076;311.076;311.076;311.076;1
259.2;331.932;331.512;331.122;330.697;330.145;329.328;328.088;326.298;323.933;321.129;318.178;315.395;312.893;311.142;311.142;311.142;311.142;311.142;311.142;311.142;1
261.6;331.943;331.523;331.133;330.707;330.155;329.339;328.1;326.31;323.946;321.142;318.192;315.409;312.907;311.208;311.208;311.208;311.208;311.208;311.208;311.208;1
264;331.954;331.533;331.143;330.718;330.166;329.35;328.111;326.322;323.958;321.155;318.206;315.423;312.922;311.274;311.274;311.274;311.274;311.274;311.274;311.274;1
266.4;331.965;331.544;331.154;330.729;330.177;329.361;328.122;326.334;323.97;321.168;318.219;315.437;312.936;311.34;311.34;311.34;311.34;311.34;311.34;311.34;1
268.8;331.976;331.554;331.164;330.739;330.188;329.372;328.134;326.346;323.982;321.181;318.232;315.451;312.951;311.406;311.406;311.406;311.406;311.406;311.406;311.406;1
271.2;331.988;331.565;331.175;330.75;330.198;329.383;328.145;326.357;323.995;321.194;318.246;315.465;312.965;311.472;311.472;311.472;311.472;311.472;311.472;311.472;1
273.6;331.999;331.575;331.186;330.761;330.209;329.394;328.156;326.369;324.007;321.206;318.259;315.479;312.98;311.538;311.538;311.538;311.538;311.538;311.538;311.538;1
276;332.01;331.586;331.196;330.771;330.22;329.405;328.167;326.381;324.019;321.219;318.273;315.493;312.994;311.603;311.603;311.603;311.603;311.603;311.603;311.603;1
278.4;332.021;331.596;331.207;330.782;330.231;329.416;328.179;326.392;324.031;321.232;318.286;315.507;313.009;311.669;311.669;311.669;311.669;311.669;311.669;311.669;1
280.8;332.032;331.607;331.217;330.793;330.242;329.427;328.19;326.404;324.043;321.245;318.299;315.521;313.023;311.735;311.735;311.735;311.735;311.735;311.735;311.735;1
283.2;332.044;331.617;331.228;330.803;330.252;329.438;328.201;326.416;324.055;321.258;318.313;315.535;313.038;311.8;311.8;311.8;311.8;311.8;311.8;311.8;1
285.6;332.055;331.628;331.239;330.814;330.263;329.449;328.213;326.427;324.068;321.27;318.326;315.549;313.052;311.866;311.866;311.866;311.866;311.866;311.866;311.866;1
288;332.066;331.639;331.249;330.825;330.274;329.46;328.224;326.439;324.08;321.283;318.34;315.563;313.067;311.932;311.932;311.932;311.932;311.932;311.932;311.932;1
290.4;332.077;331.649;331.26;330.836;330.285;329.471;328.235;326.451;324.092;321.296;318.353;315.577;313.081;311.997;311.997;311.997;311.997;311.997;311.997;311.997;1
292.8;332.089;331.66;331.271;330.846;330.296;329.482;328.247;326.462;324.104;321.309;318.367;315.591;313.095;312.063;312.063;312.063;312.063;312.063;312.063;312.063;1
295.2;332.1;331.67;331.281;330.857;330.307;329.493;328.258;326.474;324.117;321.322;318.38;315.605;313.11;312.128;312.128;312.128;312.128;312.128;312.128;312.128;1
297.6;332.111;331.681;331.292;330.868;330.318;329.504;328.269;326.486;324.129;321.334;318.393;315.619;313.124;312.194;312.194;312.194;312.194;312.194;312.194;312.194;1
300;332.122;331.692;331.303;330.879;330.329;329.515;328.281;326.498;324.141;321.347;318.407;315.633;313.139;312.259;312.259;312.259;312.259;312.259;312.259;312.259;1
302.4;332.134;331.702;331.314;330.89;330.34;329.527;328.292;326.509;324.153;321.36;318.42;315.647;313.153;312.325;312.325;312.325;312.325;312.325;312.325;312.325;1
304.8;332.145;331.713;331.324;330.901;330.351;329.538;328.303;326.521;324.165;321.373;318.434;315.661;313.168;312.39;312.39;312.39;312.39;312.39;312.39;312.39;1
307.2;332.156;331.724;331.335;330.911;330.362;329.549;328.315;326.533;324.178;321.386;318.447;315.675;313.182;312.456;312.456;312.456;312.456;312.456;312.456;312.456;1
309.6;332.168;331.735;331.346;330.922;330.373;329.56;328.326;326.545;324.19;321.398;318.461;315.689;313.197;312.521;312.521;312.521;312.521;312.521;312.521;312.521;1
312;332.179;331.745;331.357;330.933;330.384;329.571;328.337;326.556;324.202;321.411;318.474;315.703;313.211;312.587;312.587;312.587;312.587;312.587;312.587;312.587;1
314.4;332.19;331.756;331.368;330.944;330.395;329.582;328.349;326.568;324.214;321.424;318.487;315.717;313.226;312.652;312.652;312.652;312.652;312.652;312.652;312.652;1
316.8;332.202;331.767;331.378;330.955;330.406;329.593;328.36;326.58;324.227;321.437;318.501;315.731;313.24;312.718;312.718;312.718;312.718;312.718;312.718;312.718;1
319.2;332.213;331.777;331.389;330.966;330.417;329.605;328.372;326.592;324.239;321.45;318.514;315.745;313.255;312.783;312.783;312.783;312.783;312.783;312.783;312.783;1
321.6;332.224;331.788;331.4;330.977;330.428;329.616;328.383;326.603;324.251;321.463;318.528;315.759;313.269;312.848;312.848;312.848;312.848;312.848;312.848;312.848;1
324;332.236;331.799;331.411;330.988;330.439;329.627;328.395;326.615;324.264;321.476;318.541;315.773;313.284;312.914;312.914;312.914;312.914;312.914;312.914;312.914;1
326.4;332.247;331.81;331.422;330.999;330.45;329.638;328.406;326.627;324.276;321.489;318.555;315.787;313.298;312.979;312.979;312.979;312.979;312.979;312.979;312.979;1
328.8;332.258;331.82;331.433;331.009;330.461;329.649;328.417;326.639;324.288;321.501;318.568;315.801;313.313;313.045;313.045;313.045;313.045;313.045;313.045;313.045;1
331.2;332.27;331.831;331.443;331.02;330.472;329.66;328.429;326.651;324.301;321.514;318.582;315.815;313.327;313.11;313.11;313.11;313.11;313.11;313.11;313.11;1
333.6;332.281;331.842;331.454;331.031;330.483;329.672;328.44;326.663;324.313;321.527;318.595;315.829;313.342;313.175;313.175;313.175;313.175;313.175;313.175;313.175;1
336;332.293;331.853;331.465;331.042;330.494;329.683;328.452;326.674;324.325;321.54;318.609;315.843;313.356;313.241;313.241;313.241;313.241;313.241;313.241;313.241;1
338.4;332.304;331.864;331.476;331.053;330.505;329.694;328.463;326.686;324.338;321.553;318.622;315.857;313.371;313.306;313.306;313.306;313.306;313.306;313.306;313.306;1
340.8;332.315;331.874;331.487;331.064;330.516;329.705;328.475;326.698;324.35;321.566;318.636;315.871;313.395;313.37;313.37;313.37;313.37;313.37;313.37;313.37;1
343.2;332.327;331.885;331.498;331.075;330.527;329.716;328.486;326.71;324.362;321.579;318.649;315.885;313.43;313.432;313.432;313.432;313.432;313.432;313.432;313.432;1
345.6;332.338;331.896;331.508;331.086;330.538;329.728;328.498;326.722;324.374;321.592;318.663;315.899;313.472;313.494;313.494;313.494;313.494;313.494;313.494;313.494;1
348;332.349;331.907;331.519;331.097;330.549;329.739;328.509;326.734;324.387;321.605;318.676;315.913;313.521;313.554;313.554;313.554;313.554;313.554;313.554;313.554;1
350.4;332.361;331.917;331.53;331.108;330.56;329.75;328.521;326.745;324.399;321.617;318.69;315.927;313.577;313.613;313.613;313.613;313.613;313.613;313.613;313.613;1
352.8;332.372;331.928;331.541;331.119;330.571;329.761;328.532;326.757;324.411;321.63;318.703;315.941;313.63;313.673;313.673;313.673;313.673;313.673;313.673;313.673;1
355.2;332.383;331.939;331.552;331.13;330.582;329.772;328.543;326.769;324.424;321.643;318.717;315.955;313.682;313.733;313.733;313.733;313.733;313.733;313.733;313.733;1
357.6;332.395;331.95;331.563;331.141;330.593;329.784;328.555;326.781;324.436;321.656;318.73;315.969;313.736;313.793;313.793;313.793;313.793;313.793;313.793;313.793;1
360;332.406;331.961;331.574;331.152;330.604;329.795;328.566;326.793;324.448;321.669;318.743;315.983;313.792;313.852;313.852;313.852;313.852;313.852;313.852;313.852;1
362.4;332.417;331.971;331.584;331.162;330.615;329.806;328.578;326.804;324.461;321.682;318.757;315.997;313.849;313.911;313.911;313.911;313.911;313.911;313.911;313.911;1
364.8;332.429;331.982;331.595;331.173;330.626;329.817;328.589;326.816;324.473;321.695;318.77;316.011;313.906;313.97;313.97;313.97;313.97;313.97;313.97;313.97;1
367.2;332.44;331.993;331.606;331.184;330.637;329.829;328.601;326.828;324.485;321.707;318.784;316.025;313.963;314.029;314.029;314.029;314.029;314.029;314.029;314.029;1
369.6;332.451;332.004;331.617;331.195;330.648;329.84;328.612;326.84;324.498;321.72;318.797;316.039;314.02;314.088;314.088;314.088;314.088;314.088;314.088;314.088;1
372;332.463;332.015;331.628;331.206;330.659;329.851;328.624;326.852;324.51;321.733;318.811;316.053;314.079;314.147;314.147;314.147;314.147;314.147;314.147;314.147;1
374.4;332.474;332.025;331.639;331.217;330.67;329.862;328.635;326.864;324.522;321.746;318.824;316.067;314.137;314.206;314.206;314.206;314.206;314.206;314.206;314.206;1
376.8;332.485;332.036;331.65;331.228;330.681;329.873;328.647;326.875;324.534;321.759;318.838;316.081;314.195;314.265;314.265;314.265;314.265;314.265;314.265;314.265;1
379.2;332.497;332.047;331.66;331.239;330.692;329.885;328.658;326.887;324.547;321.772;318.851;316.095;314.253;314.323;314.323;314.323;314.323;314.323;314.323;314.323;1
381.6;332.508;332.058;331.671;331.25;330.703;329.896;328.669;326.899;324.559;321.785;318.864;316.109;314.312;314.382;314.382;314.382;314.382;314.382;314.382;314.382;1
384;332.519;332.068;331.682;331.261;330.715;329.907;328.681;326.911;324.571;321.797;318.878;316.123;314.371;314.441;314.441;314.441;314.441;314.441;314.441;314.441;1
386.4;332.531;332.079;331.693;331.272;330.726;329.918;328.692;326.923;324.584;321.81;318.891;316.137;314.429;314.499;314.499;314.499;314.499;314.499;314.499;314.499;1
388.8;332.542;332.09;331.704;331.283;330.737;329.929;328.704;326.934;324.596;321.823;318.905;316.151;314.487;314.558;314.558;314.558;314.558;314.558;314.558;314.558;1
391.2;332.553;332.101;331.715;331.294;330.748;329.94;328.715;326.946;324.608;321.836;318.918;316.165;314.546;314.617;314.617;314.617;314.617;314.617;314.617;314.617;1
393.6;332.565;332.112;331.726;331.305;330.759;329.952;328.727;326.958;324.62;321.849;318.931;316.179;314.604;314.675;314.675;314.675;314.675;314.675;314.675;314.675;1
396;332.576;332.122;331.736;331.316;330.77;329.963;328.738;326.97;324.633;321.862;318.945;316.193;314.663;314.734;314.734;314.734;314.734;314.734;314.734;314.734;1
398.4;332.587;332.133;331.747;331.326;330.781;329.974;328.749;326.982;324.645;321.874;318.958;316.207;314.721;314.793;314.793;314.793;314.793;314.793;314.793;314.793;1
400.8;332.599;332.144;331.758;331.337;330.792;329.985;328.761;326.993;324.657;321.887;318.972;316.22;314.78;314.851;314.851;314.851;314.851;314.851;314.851;314.851;1
403.2;332.61;332.155;331.769;331.348;330.803;329.996;328.772;327.005;324.669;321.9;318.985;316.234;314.838;314.91;314.91;314.91;314.91;314.91;314.91;314.91;1
405.6;332.621;332.165;331.78;331.359;330.814;330.008;328.784;327.017;324.682;321.913;318.998;316.248;314.897;314.968;314.968;314.968;314.968;314.968;314.968;314.968;1
408;332.632;332.176;331.791;331.37;330.825;330.019;328.795;327.029;324.694;321.926;319.012;316.262;314.955;315.027;315.027;315.027;315.027;315.027;315.027;315.027;1
410.4;332.644;332.187;331.801;331.381;330.836;330.03;328.807;327.04;324.706;321.938;319.025;316.276;315.013;315.085;315.085;315.085;315.085;315.085;315.085;315.085;1
412.8;332.655;332.198;331.812;331.392;330.847;330.041;328.818;327.052;324.718;321.951;319.038;316.29;315.072;315.144;315.144;315.144;315.144;315.144;315.144;315.144;1
415.2;332.666;332.208;331.823;331.403;330.858;330.052;328.829;327.064;324.73;321.964;319.052;316.304;315.13;315.202;315.202;315.202;315.202;315.202;315.202;315.202;1
417.6;332.678;332.219;331.834;331.414;330.869;330.063;328.841;327.076;324.743;321.977;319.065;316.317;315.189;315.261;315.261;315.261;315.261;315.261;315.261;315.261;1
420;332.689;332.23;331.845;331.425;330.88;330.075;328.852;327.087;324.755;321.989;319.078;316.331;315.247;315.319;315.319;315.319;315.319;315.319;315.319;315.319;1
422.4;332.7;332.241;331.856;331.436;330.891;330.086;328.864;327.099;324.767;322.002;319.092;316.345;315.306;315.378;315.378;315.378;315.378;315.378;315.377;315.377;1
424.8;332.711;332.251;331.866;331.446;330.902;330.097;328.875;327.111;324.779;322.015;319.105;316.359;315.364;315.436;315.436;315.436;315.436;315.436;315.436;315.436;1
427.2;332.723;332.262;331.877;331.457;330.913;330.108;328.886;327.123;324.792;322.028;319.118;316.373;315.423;315.494;315.494;315.494;315.494;315.494;315.494;315.494;1
429.6;332.734;332.273;331.888;331.468;330.924;330.119;328.898;327.134;324.804;322.04;319.132;316.387;315.481;315.553;315.553;315.553;315.553;315.553;315.553;315.553;1
432;332.745;332.284;331.899;331.479;330.935;330.13;328.909;327.146;324.816;322.053;319.145;316.4;315.539;315.611;315.611;315.611;315.611;315.611;315.611;315.611;1
434.4;332.756;332.294;331.91;331.49;330.946;330.141;328.92;327.158;324.828;322.066;319.158;316.414;315.598;315.669;315.669;315.669;315.669;315.669;315.669;315.669;1
436.8;332.767;332.305;331.92;331.501;330.957;330.153;328.932;327.17;324.84;322.079;319.171;316.428;315.656;315.727;315.727;315.727;315.727;315.727;315.727;315.727;1
439.2;332.779;332.316;331.931;331.512;330.968;330.164;328.943;327.181;324.852;322.091;319.185;316.442;315.714;315.786;315.786;315.786;315.786;315.786;315.786;315.786;1
441.6;332.79;332.327;331.942;331.523;330.979;330.175;328.955;327.193;324.865;322.104;319.198;316.456;315.773;315.844;315.844;315.844;315.844;315.844;315.844;315.844;1
444;332.801;332.337;331.953;331.533;330.99;330.186;328.966;327.205;324.877;322.117;319.211;316.469;315.831;315.902;315.902;315.902;315.902;315.902;315.902;315.902;1
446.4;332.812;332.348;331.964;331.544;331.001;330.197;328.977;327.216;324.889;322.129;319.224;316.483;315.889;315.96;315.96;315.96;315.96;315.96;315.96;315.96;1
448.8;332.824;332.359;331.974;331.555;331.012;330.208;328.989;327.228;324.901;322.142;319.238;316.497;315.948;316.018;316.018;316.018;316.018;316.018;316.018;316.018;1
451.2;332.835;332.369;331.985;331.566;331.023;330.219;329;327.24;324.913;322.155;319.251;316.511;316.006;316.077;316.077;316.077;316.077;316.077;316.077;316.077;1
453.6;332.846;332.38;331.996;331.577;331.034;330.23;329.011;327.251;324.925;322.167;319.264;316.524;316.064;316.135;316.135;316.135;316.135;316.135;316.135;316.135;1
456;332.857;332.391;332.007;331.588;331.044;330.242;329.023;327.263;324.938;322.18;319.277;316.538;316.122;316.193;316.193;316.193;316.193;316.193;316.193;316.193;1
458.4;332.868;332.402;332.017;331.599;331.055;330.253;329.034;327.275;324.95;322.193;319.29;316.552;316.18;316.251;316.251;316.251;316.251;316.251;316.251;316.251;1
460.8;332.879;332.412;332.028;331.609;331.066;330.264;329.045;327.287;324.962;322.205;319.304;316.565;316.239;316.309;316.309;316.309;316.309;316.309;316.309;316.309;1
463.2;332.891;332.423;332.039;331.62;331.077;330.275;329.057;327.298;324.974;322.218;319.317;316.579;316.297;316.367;316.367;316.367;316.367;316.367;316.367;316.367;1
465.6;332.902;332.434;332.05;331.631;331.088;330.286;329.068;327.31;324.986;322.231;319.33;316.593;316.355;316.425;316.425;316.425;316.425;316.425;316.425;316.425;1
468;332.913;332.444;332.061;331.642;331.099;330.297;329.079;327.322;324.998;322.243;319.343;316.607;316.413;316.483;316.483;316.483;316.483;316.483;316.483;316.483;1
470.4;332.924;332.455;332.071;331.653;331.11;330.308;329.091;327.333;325.01;322.256;319.356;316.62;316.471;316.541;316.541;316.541;316.541;316.541;316.541;316.541;1
472.8;332.935;332.466;332.082;331.664;331.121;330.319;329.102;327.345;325.022;322.269;319.37;316.634;316.529;316.599;316.599;316.599;316.599;316.599;316.599;316.599;1
475.2;332.946;332.476;332.093;331.674;331.132;330.33;329.113;327.356;325.034;322.281;319.383;316.652;316.587;316.657;316.657;316.657;316.657;316.657;316.657;316.657;1
477.6;332.958;332.487;332.104;331.685;331.143;330.341;329.125;327.368;325.047;322.294;319.396;316.682;316.645;316.715;316.715;316.715;316.715;316.715;316.715;316.715;1
480;332.969;332.498;332.114;331.696;331.154;330.352;329.136;327.38;325.059;322.306;319.409;316.72;316.703;316.773;316.773;316.773;316.773;316.773;316.773;316.773;1
482.4;332.98;332.508;332.125;331.707;331.165;330.363;329.147;327.391;325.071;322.319;319.422;316.766;316.761;316.831;316.831;316.831;316.831;316.831;316.831;316.831;1
484.8;332.991;332.519;332.136;331.718;331.176;330.375;329.158;327.403;325.083;322.332;319.435;316.819;316.819;316.889;316.889;316.889;316.889;316.889;316.889;316.889;1
487.2;333.002;332.53;332.146;331.728;331.186;330.386;329.17;327.415;325.095;322.344;319.449;316.876;316.877;316.946;316.946;316.946;316.946;316.946;316.946;316.946;1
489.6;333.013;332.54;332.157;331.739;331.197;330.397;329.181;327.426;325.107;322.357;319.462;316.923;316.933;317.002;317.002;317.002;317.002;317.002;317.002;317.002;1
492;333.024;332.551;332.168;331.75;331.208;330.408;329.192;327.438;325.119;322.369;319.475;316.972;316.988;317.057;317.057;317.057;317.057;317.057;317.057;317.057;1
494.4;333.035;332.562;332.179;331.761;331.219;330.419;329.204;327.449;325.131;322.382;319.488;317.022;317.042;317.112;317.112;317.112;317.112;317.112;317.112;317.112;1
496.8;333.046;332.572;332.189;331.772;331.23;330.43;329.215;327.461;325.143;322.394;319.501;317.073;317.096;317.165;317.165;317.165;317.165;317.165;317.165;317.165;1
499.2;333.057;332.583;332.2;331.782;331.241;330.441;329.226;327.473;325.155;322.407;319.514;317.126;317.149;317.218;317.218;317.218;317.218;317.218;317.218;317.218;1
501.6;333.069;332.594;332.211;331.793;331.252;330.452;329.237;327.484;325.167;322.42;319.527;317.178;317.202;317.271;317.271;317.271;317.271;317.271;317.271;317.271;1
504;333.08;332.604;332.221;331.804;331.263;330.463;329.249;327.496;325.179;322.432;319.54;317.231;317.255;317.324;317.324;317.324;317.324;317.324;317.324;317.324;1
506.4;333.091;332.615;332.232;331.815;331.274;330.474;329.26;327.507;325.191;322.445;319.553;317.284;317.308;317.377;317.377;317.377;317.377;317.377;317.377;317.377;1
508.8;333.102;332.626;332.243;331.826;331.284;330.485;329.271;327.519;325.203;322.457;319.566;317.337;317.361;317.43;317.43;317.43;317.43;317.43;317.43;317.43;1
511.2;333.113;332.636;332.254;331.836;331.295;330.496;329.282;327.531;325.215;322.47;319.579;317.39;317.414;317.483;317.483;317.483;317.483;317.483;317.483;317.483;1
513.6;333.124;332.647;332.264;331.847;331.306;330.507;329.293;327.542;325.227;322.482;319.592;317.443;317.467;317.535;317.535;317.535;317.535;317.535;317.535;317.535;1
516;333.135;332.657;332.275;331.858;331.317;330.518;329.305;327.554;325.239;322.495;319.605;317.495;317.519;317.588;317.588;317.588;317.588;317.588;317.588;317.588;1
518.4;333.146;332.668;332.285;331.868;331.328;330.529;329.316;327.565;325.251;322.507;319.618;317.548;317.572;317.64;317.64;317.64;317.64;317.64;317.64;317.64;1
520.8;333.157;332.679;332.296;331.879;331.339;330.54;329.327;327.577;325.263;322.519;319.631;317.601;317.625;317.693;317.693;317.693;317.693;317.693;317.693;317.693;1
523.2;333.168;332.689;332.307;331.89;331.349;330.551;329.338;327.588;325.275;322.532;319.644;317.654;317.677;317.745;317.745;317.745;317.745;317.745;317.745;317.745;1
525.6;333.179;332.7;332.317;331.901;331.36;330.562;329.349;327.6;325.287;322.544;319.657;317.707;317.73;317.798;317.798;317.798;317.798;317.798;317.798;317.798;1
528;333.19;332.71;332.328;331.911;331.371;330.573;329.361;327.611;325.299;322.557;319.67;317.759;317.783;317.851;317.851;317.851;317.851;317.851;317.851;317.851;1
530.4;333.201;332.721;332.339;331.922;331.382;330.584;329.372;327.623;325.311;322.569;319.683;317.812;317.835;317.903;317.903;317.903;317.903;317.903;317.903;317.903;1
532.8;333.212;332.732;332.349;331.933;331.393;330.595;329.383;327.634;325.323;322.582;319.696;317.865;317.888;317.956;317.956;317.956;317.956;317.956;317.956;317.956;1
535.2;333.223;332.742;332.36;331.944;331.404;330.605;329.394;327.646;325.335;322.594;319.709;317.918;317.941;318.008;318.008;318.008;318.008;318.008;318.008;318.008;1
537.6;333.234;332.753;332.371;331.954;331.414;330.616;329.405;327.657;325.346;322.607;319.722;317.97;317.993;318.061;318.061;318.061;318.061;318.061;318.061;318.061;1
540;333.245;332.763;332.381;331.965;331.425;330.627;329.416;327.669;325.358;322.619;319.735;318.023;318.046;318.113;318.113;318.113;318.113;318.113;318.113;318.113;1
542.4;333.256;332.774;332.392;331.976;331.436;330.638;329.428;327.68;325.37;322.631;319.748;318.076;318.098;318.166;318.166;318.166;318.166;318.166;318.166;318.166;1
544.8;333.266;332.784;332.403;331.986;331.447;330.649;329.439;327.692;325.382;322.644;319.761;318.128;318.151;318.218;318.218;318.218;318.218;318.218;318.218;318.218;1
547.2;333.277;332.795;332.413;331.997;331.457;330.66;329.45;327.703;325.394;322.656;319.774;318.181;318.203;318.271;318.271;318.271;318.271;318.271;318.271;318.271;1
549.6;333.288;332.805;332.424;332.008;331.468;330.671;329.461;327.715;325.406;322.669;319.786;318.233;318.256;318.323;318.323;318.323;318.323;318.323;318.323;318.323;1
552;333.299;332.816;332.434;332.018;331.479;330.682;329.472;327.726;325.418;322.681;319.799;318.286;318.308;318.375;318.375;318.375;318.375;318.375;318.375;318.375;1
554.4;333.31;332.827;332.445;332.029;331.49;330.693;329.483;327.737;325.43;322.693;319.812;318.339;318.361;318.428;318.428;318.428;318.428;318.428;318.428;318.428;1
556.8;333.321;332.837;332.456;332.04;331.501;330.704;329.495;327.749;325.442;322.706;319.825;318.391;318.413;318.48;318.48;318.48;318.48;318.48;318.48;318.48;1
559.2;333.332;332.848;332.466;332.05;331.511;330.715;329.506;327.76;325.454;322.718;319.838;318.444;318.466;318.533;318.533;318.533;318.533;318.533;318.533;318.533;1
561.6;333.343;332.858;332.477;332.061;331.522;330.726;329.517;327.772;325.465;322.73;319.851;318.496;318.518;318.585;318.585;318.585;318.585;318.585;318.585;318.585;1
564;333.354;332.869;332.487;332.072;331.533;330.737;329.528;327.783;325.477;322.743;319.864;318.548;318.57;318.637;318.637;318.637;318.637;318.637;318.637;318.637;1
566.4;333.365;332.879;332.498;332.082;331.543;330.747;329.539;327.795;325.489;322.755;319.876;318.601;318.622;318.689;318.689;318.689;318.689;318.689;318.689;318.689;1
568.8;333.376;332.89;332.509;332.093;331.554;330.758;329.55;327.806;325.501;322.767;319.889;318.653;318.675;318.741;318.741;318.741;318.741;318.741;318.741;318.741;1
571.2;333.386;332.9;332.519;332.104;331.565;330.769;329.561;327.817;325.512;322.779;319.902;318.705;318.727;318.793;318.793;318.793;318.793;318.793;318.793;318.793;1
573.6;333.397;332.911;332.53;332.114;331.576;330.78;329.572;327.829;325.524;322.792;319.915;318.758;318.779;318.845;318.845;318.845;318.845;318.845;318.845;318.845;1
576;333.408;332.921;332.54;332.125;331.586;330.791;329.583;327.84;325.536;322.804;319.928;318.81;318.831;318.897;318.897;318.897;318.897;318.897;318.897;318.897;1
578.4;333.419;332.932;332.551;332.135;331.597;330.802;329.594;327.851;325.548;322.816;319.94;318.862;318.883;318.949;318.949;318.949;318.949;318.949;318.949;318.949;1
580.8;333.43;332.942;332.561;332.146;331.608;330.812;329.605;327.863;325.56;322.829;319.953;318.914;318.935;319.001;319.001;319.001;319.001;319.001;319.001;319.001;1
583.2;333.44;332.953;332.572;332.157;331.618;330.823;329.616;327.874;325.571;322.841;319.966;318.967;318.988;319.053;319.053;319.053;319.053;319.053;319.053;319.053;1
585.6;333.451;332.963;332.582;332.167;331.629;330.834;329.627;327.886;325.583;322.853;319.979;319.019;319.04;319.106;319.106;319.106;319.106;319.106;319.106;319.106;1
588;333.462;332.974;332.593;332.178;331.64;330.845;329.638;327.897;325.595;322.865;319.991;319.071;319.092;319.158;319.158;319.158;319.158;319.158;319.158;319.158;1
590.4;333.473;332.984;332.603;332.188;331.651;330.856;329.649;327.908;325.607;322.878;320.004;319.123;319.144;319.21;319.21;319.21;319.21;319.21;319.21;319.21;1
592.8;333.484;332.995;332.614;332.199;331.661;330.867;329.66;327.92;325.618;322.89;320.017;319.176;319.196;319.262;319.262;319.262;319.262;319.262;319.262;319.262;1
595.2;333.495;333.005;332.624;332.21;331.672;330.878;329.672;327.931;325.63;322.902;320.03;319.228;319.248;319.314;319.314;319.314;319.314;319.314;319.314;319.314;1
597.6;333.505;333.015;332.635;332.22;331.683;330.888;329.683;327.942;325.642;322.914;320.042;319.28;319.3;319.366;319.366;319.366;319.366;319.366;319.366;319.366;1
600;333.516;333.026;332.646;332.231;331.693;330.899;329.694;327.954;325.654;322.927;320.055;319.332;319.353;319.418;319.418;319.418;319.418;319.418;319.418;319.418;1
602.4;333.527;333.036;332.656;332.242;331.704;330.91;329.705;327.965;325.666;322.939;320.068;319.385;319.405;319.47;319.47;319.47;319.47;319.47;319.47;319.47;1
604.8;333.538;333.047;332.667;332.252;331.715;330.921;329.716;327.977;325.677;322.951;320.081;319.437;319.457;319.522;319.522;319.522;319.522;319.522;319.522;319.522;1
607.2;333.549;333.057;332.677;332.263;331.725;330.932;329.727;327.988;325.689;322.963;320.093;319.489;319.509;319.574;319.574;319.574;319.574;319.574;319.574;319.574;1
609.6;333.56;333.068;332.688;332.273;331.736;330.943;329.738;327.999;325.701;322.976;320.106;319.541;319.561;319.626;319.626;319.626;319.626;319.626;319.626;319.626;1
612;333.57;333.078;332.698;332.284;331.747;330.953;329.749;328.011;325.713;322.988;320.119;319.594;319.613;319.678;319.678;319.678;319.678;319.678;319.678;319.678;1
614.4;333.581;333.089;332.709;332.295;331.758;330.964;329.76;328.022;325.724;323;320.132;319.646;319.665;319.73;319.73;319.73;319.73;319.73;319.73;319.73;1
616.8;333.592;333.099;332.719;332.305;331.768;330.975;329.771;328.033;325.736;323.012;320.144;319.698;319.717;319.782;319.782;319.782;319.782;319.782;319.782;319.782;1
619.2;333.603;333.11;332.73;332.316;331.779;330.986;329.782;328.045;325.748;323.025;320.157;319.75;319.769;319.834;319.834;319.834;319.834;319.834;319.834;319.834;1
621.6;333.614;333.12;332.74;332.326;331.79;330.997;329.793;328.056;325.76;323.037;320.17;319.802;319.822;319.886;319.886;319.886;319.886;319.886;319.886;319.886;1
624;333.624;333.131;332.751;332.337;331.8;331.007;329.804;328.067;325.771;323.049;320.183;319.854;319.874;319.938;319.938;319.938;319.938;319.938;319.938;319.938;1
626.4;333.635;333.141;332.761;332.348;331.811;331.018;329.815;328.079;325.783;323.061;320.195;319.907;319.926;319.99;319.99;319.99;319.99;319.99;319.99;319.99;1
628.8;333.646;333.152;332.772;332.358;331.822;331.029;329.826;328.09;325.795;323.073;320.208;319.959;319.978;320.042;320.042;320.042;320.042;320.042;320.042;320.042;1
631.2;333.657;333.162;332.782;332.369;331.832;331.04;329.837;328.101;325.807;323.086;320.221;320.011;320.03;320.094;320.094;320.094;320.094;320.094;320.094;320.094;1
633.6;333.668;333.172;332.793;332.379;331.843;331.051;329.848;328.113;325.818;323.098;320.233;320.063;320.082;320.146;320.146;320.146;320.146;320.146;320.146;320.146;1
636;333.678;333.183;332.803;332.39;331.854;331.061;329.859;328.124;325.83;323.11;320.246;320.115;320.133;320.198;320.198;320.198;320.198;320.198;320.198;320.198;1
638.4;333.689;333.193;332.814;332.4;331.864;331.072;329.87;328.135;325.842;323.122;320.259;320.167;320.185;320.249;320.249;320.249;320.249;320.249;320.249;320.249;1
640.8;333.7;333.204;332.824;332.411;331.875;331.083;329.881;328.147;325.854;323.134;320.271;320.219;320.237;320.301;320.301;320.301;320.301;320.301;320.301;320.301;1
643.2;333.711;333.214;332.835;332.421;331.886;331.094;329.892;328.158;325.865;323.147;320.284;320.271;320.289;320.353;320.353;320.353;320.353;320.353;320.353;320.353;1
645.6;333.721;333.225;332.845;332.432;331.896;331.105;329.903;328.169;325.877;323.159;320.332;320.323;320.341;320.405;320.405;320.405;320.405;320.405;320.405;320.405;1
648;333.732;333.235;332.856;332.443;331.907;331.115;329.914;328.18;325.889;323.171;320.384;320.375;320.393;320.457;320.457;320.457;320.457;320.457;320.457;320.457;1
650.4;333.743;333.245;332.866;332.453;331.918;331.126;329.925;328.192;325.9;323.183;320.436;320.427;320.445;320.509;320.509;320.509;320.509;320.509;320.509;320.509;1
652.8;333.754;333.256;332.877;332.464;331.928;331.137;329.936;328.203;325.912;323.195;320.488;320.479;320.497;320.56;320.56;320.56;320.56;320.56;320.56;320.56;1
655.2;333.764;333.266;332.887;332.474;331.939;331.148;329.947;328.214;325.924;323.207;320.54;320.531;320.549;320.612;320.612;320.612;320.612;320.612;320.612;320.612;1
657.6;333.775;333.277;332.898;332.485;331.949;331.159;329.958;328.226;325.935;323.22;320.592;320.583;320.6;320.664;320.664;320.664;320.664;320.664;320.664;320.664;1
660;333.786;333.287;332.908;332.495;331.96;331.169;329.969;328.237;325.947;323.232;320.645;320.635;320.652;320.716;320.716;320.716;320.716;320.716;320.716;320.716;1
662.4;333.796;333.298;332.919;332.506;331.971;331.18;329.98;328.248;325.959;323.244;320.697;320.686;320.704;320.767;320.767;320.767;320.767;320.767;320.767;320.767;1
664.8;333.807;333.308;332.929;332.516;331.981;331.191;329.991;328.259;325.97;323.256;320.749;320.738;320.756;320.819;320.819;320.819;320.819;320.819;320.819;320.819;1
667.2;333.818;333.318;332.94;332.527;331.992;331.202;330.002;328.271;325.982;323.268;320.8;320.79;320.808;320.871;320.871;320.871;320.871;320.871;320.871;320.871;1
669.6;333.829;333.329;332.95;332.537;332.003;331.212;330.013;328.282;325.994;323.28;320.852;320.842;320.859;320.922;320.922;320.922;320.922;320.922;320.922;320.922;1
672;333.839;333.339;332.961;332.548;332.013;331.223;330.024;328.293;326.005;323.292;320.904;320.894;320.911;320.974;320.974;320.974;320.974;320.974;320.974;320.974;1
674.4;333.85;333.35;332.971;332.558;332.024;331.234;330.035;328.304;326.017;323.304;320.956;320.946;320.963;321.026;321.026;321.026;321.026;321.026;321.026;321.026;1
676.8;333.861;333.36;332.982;332.569;332.034;331.245;330.046;328.316;326.029;323.316;321.007;320.997;321.014;321.077;321.077;321.077;321.077;321.077;321.077;321.077;1
679.2;333.871;333.37;332.992;332.579;332.045;331.255;330.057;328.327;326.04;323.329;321.059;321.049;321.066;321.129;321.129;321.129;321.129;321.129;321.129;321.129;1
681.6;333.882;333.381;333.002;332.59;332.055;331.266;330.068;328.338;326.052;323.341;321.111;321.101;321.118;321.18;321.18;321.18;321.18;321.18;321.18;321.18;1
684;333.893;333.391;333.013;332.6;332.066;331.277;330.078;328.349;326.063;323.353;321.163;321.153;321.169;321.232;321.232;321.232;321.232;321.232;321.232;321.232;1
686.4;333.903;333.401;333.023;332.611;332.077;331.287;330.089;328.36;326.075;323.365;321.214;321.204;321.221;321.284;321.284;321.284;321.284;321.284;321.284;321.284;1
688.8;333.914;333.412;333.034;332.621;332.087;331.298;330.1;328.372;326.087;323.377;321.266;321.256;321.273;321.335;321.335;321.335;321.335;321.335;321.335;321.335;1
691.2;333.925;333.422;333.044;332.632;332.098;331.309;330.111;328.383;326.098;323.389;321.318;321.308;321.324;321.387;321.387;321.387;321.387;321.387;321.387;321.387;1
693.6;333.935;333.433;333.055;332.642;332.108;331.32;330.122;328.394;326.11;323.401;321.369;321.36;321.376;321.438;321.438;321.438;321.438;321.438;321.438;321.438;1
696;333.946;333.443;333.065;332.653;332.119;331.33;330.133;328.405;326.121;323.413;321.421;321.411;321.427;321.49;321.49;321.49;321.49;321.49;321.49;321.49;1
698.4;333.957;333.453;333.075;332.663;332.13;331.341;330.144;328.416;326.133;323.425;321.472;321.463;321.479;321.541;321.541;321.541;321.541;321.541;321.541;321.541;1
700.8;333.967;333.464;333.086;332.674;332.14;331.352;330.155;328.428;326.145;323.437;321.524;321.514;321.53;321.592;321.592;321.592;321.592;321.592;321.592;321.592;1
703.2;333.978;333.474;333.096;332.684;332.151;331.362;330.166;328.439;326.156;323.449;321.576;321.566;321.582;321.644;321.644;321.644;321.644;321.644;321.644;321.644;1
705.6;333.988;333.484;333.107;332.695;332.161;331.373;330.177;328.45;326.168;323.461;321.627;321.618;321.633;321.695;321.695;321.695;321.695;321.695;321.695;321.695;1
708;333.999;333.495;333.117;332.705;332.172;331.384;330.187;328.461;326.179;323.473;321.679;321.669;321.685;321.747;321.747;321.747;321.747;321.747;321.747;321.747;1
710.4;334.01;333.505;333.127;332.716;332.182;331.394;330.198;328.472;326.191;323.485;321.731;321.721;321.736;321.798;321.798;321.798;321.798;321.798;321.798;321.798;1
712.8;334.02;333.515;333.138;332.726;332.193;331.405;330.209;328.484;326.202;323.497;321.782;321.772;321.788;321.849;321.849;321.849;321.849;321.849;321.849;321.849;1
715.2;334.031;333.526;333.148;332.737;332.203;331.416;330.22;328.495;326.214;323.509;321.834;321.824;321.839;321.901;321.901;321.901;321.901;321.901;321.901;321.901;1
717.6;334.041;333.536;333.159;332.747;332.214;331.426;330.231;328.506;326.226;323.521;321.885;321.875;321.891;321.952;321.952;321.952;321.952;321.952;321.952;321.952;1
720;334.052;333.546;333.169;332.758;332.224;331.437;330.242;328.517;326.237;323.533;321.937;321.927;321.942;322.004;322.004;322.004;322.004;322.004;322.004;322.004;1
722.4;334.063;333.557;333.179;332.768;332.235;331.448;330.253;328.528;326.249;323.545;321.989;321.978;321.994;322.055;322.055;322.055;322.055;322.055;322.055;322.055;1
724.8;334.073;333.567;333.19;332.778;332.246;331.458;330.264;328.539;326.26;323.557;322.04;322.03;322.045;322.106;322.106;322.106;322.106;322.106;322.106;322.106;1
727.2;334.084;333.577;333.2;332.789;332.256;331.469;330.274;328.551;326.272;323.569;322.091;322.081;322.096;322.157;322.157;322.157;322.157;322.157;322.157;322.157;1
729.6;334.094;333.588;333.21;332.799;332.267;331.48;330.285;328.562;326.283;323.581;322.144;322.133;322.148;322.209;322.209;322.209;322.209;322.209;322.209;322.209;1
732;334.105;333.598;333.221;332.81;332.277;331.49;330.296;328.573;326.295;323.593;322.194;322.184;322.199;322.26;322.26;322.26;322.26;322.26;322.26;322.26;1
734.4;334.116;333.608;333.231;332.82;332.288;331.501;330.307;328.584;326.306;323.605;322.246;322.236;322.25;322.311;322.311;322.311;322.311;322.311;322.311;322.311;1
736.8;334.126;333.619;333.242;332.831;332.298;331.512;330.318;328.595;326.318;323.617;322.297;322.287;322.302;322.363;322.363;322.363;322.363;322.363;322.363;322.363;1
739.2;334.137;333.629;333.252;332.841;332.309;331.522;330.329;328.606;326.329;323.629;322.348;322.338;322.353;322.414;322.414;322.414;322.414;322.414;322.414;322.414;1
741.6;334.147;333.639;333.262;332.852;332.319;331.533;330.339;328.617;326.341;323.641;322.401;322.39;322.404;322.465;322.465;322.465;322.465;322.465;322.465;322.465;1
744;334.158;333.649;333.273;332.862;332.33;331.544;330.35;328.628;326.352;323.653;322.451;322.441;322.456;322.516;322.516;322.516;322.516;322.516;322.516;322.516;1
746.4;334.168;333.66;333.283;332.872;332.34;331.554;330.361;328.64;326.364;323.665;322.503;322.493;322.507;322.567;322.567;322.567;322.567;322.567;322.567;322.567;1
748.8;334.179;333.67;333.293;332.883;332.351;331.565;330.372;328.651;326.375;323.677;322.554;322.544;322.558;322.618;322.618;322.618;322.618;322.618;322.618;322.618;1
751.2;334.189;333.68;333.304;332.893;332.361;331.575;330.383;328.662;326.387;323.689;322.605;322.595;322.609;322.67;322.67;322.67;322.67;322.67;322.67;322.67;1
753.6;334.2;333.691;333.314;332.904;332.372;331.586;330.394;328.673;326.398;323.701;322.657;322.646;322.66;322.721;322.721;322.721;322.721;322.721;322.721;322.721;1
756;334.21;333.701;333.324;332.914;332.382;331.597;330.404;328.684;326.41;323.713;322.708;322.698;322.712;322.772;322.772;322.772;322.772;322.772;322.772;322.772;1
758.4;334.221;333.711;333.335;332.924;332.393;331.607;330.415;328.695;326.421;323.724;322.759;322.749;322.763;322.823;322.823;322.823;322.823;322.823;322.823;322.823;1
760.8;334.231;333.721;333.345;332.935;332.403;331.618;330.426;328.706;326.433;323.736;322.811;322.8;322.814;322.874;322.874;322.874;322.874;322.874;322.874;322.874;1
763.2;334.242;333.732;333.355;332.945;332.414;331.628;330.437;328.717;326.444;323.748;322.861;322.852;322.865;322.925;322.925;322.925;322.925;322.925;322.925;322.925;1
765.6;334.253;333.742;333.366;332.956;332.424;331.639;330.448;328.728;326.455;323.76;322.913;322.903;322.916;322.976;322.976;322.976;322.976;322.976;322.976;322.976;1
768;334.263;333.752;333.376;332.966;332.435;331.65;330.458;328.739;326.467;323.772;322.964;322.954;322.967;323.027;323.027;323.027;323.027;323.027;323.027;323.027;1
770.4;334.273;333.763;333.386;332.976;332.445;331.66;330.469;328.75;326.478;323.784;323.015;323.005;323.018;323.078;323.078;323.078;323.078;323.078;323.078;323.078;1
772.8;334.284;333.773;333.397;332.987;332.455;331.671;330.48;328.762;326.49;323.796;323.067;323.056;323.07;323.129;323.129;323.129;323.129;323.129;323.129;323.129;1
775.2;334.294;333.783;333.407;332.997;332.466;331.681;330.491;328.773;326.501;323.808;323.117;323.108;323.121;323.18;323.18;323.18;323.18;323.18;323.18;323.18;1
777.6;334.305;333.793;333.417;333.007;332.476;331.692;330.502;328.784;326.513;323.82;323.169;323.159;323.172;323.231;323.231;323.231;323.231;323.231;323.231;323.231;1
780;334.315;333.804;333.428;333.018;332.487;331.703;330.512;328.795;326.524;323.831;323.22;323.21;323.223;323.282;323.282;323.282;323.282;323.282;323.282;323.282;1
782.4;334.326;333.814;333.438;333.028;332.497;331.713;330.523;328.806;326.536;323.843;323.271;323.261;323.274;323.333;323.333;323.333;323.333;323.333;323.333;323.333;1
784.8;334.336;333.824;333.448;333.039;332.508;331.724;330.534;328.817;326.547;323.855;323.322;323.312;323.325;323.384;323.384;323.384;323.384;323.384;323.384;323.384;1
787.2;334.347;333.834;333.459;333.049;332.518;331.734;330.545;328.828;326.558;323.867;323.374;323.363;323.376;323.435;323.435;323.435;323.435;323.435;323.435;323.435;1
789.6;334.357;333.845;333.469;333.059;332.529;331.745;330.555;328.839;326.57;323.879;323.424;323.414;323.427;323.486;323.486;323.486;323.486;323.486;323.486;323.486;1
792;334.368;333.855;333.479;333.07;332.539;331.755;330.566;328.85;326.581;323.891;323.475;323.465;323.478;323.537;323.537;323.537;323.537;323.537;323.537;323.537;1
794.4;334.378;333.865;333.489;333.08;332.549;331.766;330.577;328.861;326.593;323.902;323.527;323.516;323.529;323.588;323.588;323.588;323.588;323.588;323.588;323.588;1
796.8;334.389;333.875;333.5;333.09;332.56;331.777;330.588;328.872;326.604;323.914;323.577;323.567;323.58;323.639;323.639;323.639;323.639;323.639;323.639;323.639;1
799.2;334.399;333.885;333.51;333.101;332.57;331.787;330.598;328.883;326.615;323.926;323.628;323.618;323.631;323.69;323.69;323.69;323.69;323.69;323.69;323.69;1
801.6;334.41;333.896;333.52;333.111;332.581;331.798;330.609;328.894;326.627;323.938;323.68;323.669;323.681;323.74;323.74;323.74;323.74;323.74;323.74;323.74;1
804;334.42;333.906;333.531;333.121;332.591;331.808;330.62;328.905;326.638;323.95;323.73;323.72;323.732;323.791;323.791;323.791;323.791;323.791;323.791;323.791;1
806.4;334.43;333.916;333.541;333.132;332.602;331.819;330.631;328.916;326.649;323.962;323.781;323.771;323.783;323.842;323.842;323.842;323.842;323.842;323.842;323.842;1
808.8;334.441;333.926;333.551;333.142;332.612;331.829;330.641;328.927;326.661;323.973;323.832;323.822;323.834;323.893;323.893;323.893;323.893;323.893;323.893;323.893;1
811.2;334.451;333.937;333.561;333.152;332.622;331.84;330.652;328.938;326.672;323.985;323.883;323.873;323.885;323.944;323.944;323.944;323.944;323.944;323.944;323.944;1
813.6;334.462;333.947;333.572;333.163;332.633;331.85;330.663;328.949;326.684;323.997;323.934;323.924;323.936;323.994;323.994;323.994;323.994;323.994;323.994;323.994;1
816;334.472;333.957;333.582;333.173;332.643;331.861;330.673;328.96;326.695;324.009;323.985;323.975;323.987;324.045;324.045;324.045;324.045;324.045;324.045;324.045;1
818.4;334.483;333.967;333.592;333.183;332.654;331.871;330.684;328.971;326.706;324.046;324.036;324.026;324.037;324.096;324.096;324.096;324.096;324.096;324.096;324.096;1
820.8;334.493;333.977;333.602;333.194;332.664;331.882;330.695;328.982;326.718;324.096;324.087;324.077;324.088;324.147;324.147;324.147;324.147;324.147;324.147;324.147;1
823.2;334.503;333.988;333.613;333.204;332.674;331.892;330.706;328.993;326.729;324.147;324.137;324.128;324.139;324.197;324.197;324.197;324.197;324.197;324.197;324.197;1
825.6;334.514;333.998;333.623;333.214;332.685;331.903;330.716;329.004;326.74;324.198;324.188;324.178;324.19;324.248;324.248;324.248;324.248;324.248;324.248;324.248;1
828;334.524;334.008;333.633;333.225;332.695;331.913;330.727;329.015;326.752;324.249;324.239;324.229;324.241;324.299;324.299;324.299;324.299;324.299;324.299;324.299;1
830.4;334.534;334.018;333.643;333.235;332.706;331.924;330.738;329.026;326.763;324.3;324.29;324.28;324.291;324.349;324.349;324.349;324.349;324.349;324.349;324.349;1
832.8;334.545;334.028;333.654;333.245;332.716;331.934;330.748;329.037;326.774;324.35;324.341;324.331;324.342;324.4;324.4;324.4;324.4;324.4;324.4;324.4;1
835.2;334.555;334.039;333.664;333.255;332.726;331.945;330.759;329.048;326.786;324.401;324.391;324.382;324.393;324.45;324.45;324.45;324.45;324.45;324.45;324.45;1
837.6;334.566;334.049;333.674;333.266;332.737;331.955;330.77;329.059;326.797;324.452;324.442;324.432;324.443;324.501;324.501;324.501;324.501;324.501;324.501;324.501;1
840;334.576;334.059;333.684;333.276;332.747;331.966;330.78;329.07;326.808;324.502;324.493;324.483;324.494;324.552;324.552;324.552;324.552;324.552;324.552;324.552;1
842.4;334.586;334.069;333.695;333.286;332.757;331.976;330.791;329.081;326.819;324.553;324.544;324.534;324.545;324.602;324.602;324.602;324.602;324.602;324.602;324.602;1
844.8;334.597;334.079;333.705;333.297;332.768;331.987;330.802;329.092;326.831;324.604;324.594;324.585;324.595;324.653;324.653;324.653;324.653;324.653;324.653;324.653;1
847.2;334.607;334.089;333.715;333.307;332.778;331.997;330.812;329.103;326.842;324.655;324.645;324.635;324.646;324.703;324.703;324.703;324.703;324.703;324.703;324.703;1
849.6;334.617;334.1;333.725;333.317;332.789;332.008;330.823;329.113;326.853;324.706;324.696;324.686;324.696;324.754;324.754;324.754;324.754;324.754;324.754;324.754;1
852;334.628;334.11;333.735;333.327;332.799;332.018;330.834;329.124;326.865;324.756;324.747;324.737;324.747;324.805;324.805;324.805;324.805;324.805;324.805;324.805;1
854.4;334.638;334.12;333.746;333.338;332.809;332.029;330.844;329.135;326.876;324.806;324.797;324.787;324.798;324.855;324.855;324.855;324.855;324.855;324.855;324.855;1
856.8;334.648;334.13;333.756;333.348;332.82;332.039;330.855;329.146;326.887;324.857;324.848;324.838;324.848;324.906;324.906;324.906;324.906;324.906;324.906;324.906;1
859.2;334.659;334.14;333.766;333.358;332.83;332.05;330.866;329.157;326.899;324.908;324.899;324.889;324.899;324.956;324.956;324.956;324.956;324.956;324.956;324.956;1
861.6;334.669;334.15;333.776;333.369;332.84;332.06;330.876;329.168;326.91;324.959;324.949;324.939;324.949;325.007;325.007;325.007;325.007;325.007;325.007;325.007;1
864;334.679;334.161;333.786;333.379;332.851;332.071;330.887;329.179;326.921;325.01;325;324.99;325;325.057;325.057;325.057;325.057;325.057;325.057;325.057;1
866.4;334.69;334.171;333.797;333.389;332.861;332.081;330.898;329.19;326.932;325.06;325.05;325.041;325.05;325.107;325.107;325.107;325.107;325.107;325.107;325.107;1
868.8;334.7;334.181;333.807;333.399;332.871;332.092;330.908;329.201;326.944;325.111;325.101;325.091;325.101;325.158;325.158;325.158;325.158;325.158;325.158;325.158;1
871.2;334.71;334.191;333.817;333.41;332.882;332.102;330.919;329.212;326.955;325.161;325.152;325.142;325.151;325.208;325.208;325.208;325.208;325.208;325.208;325.208;1
873.6;334.721;334.201;333.827;333.42;332.892;332.112;330.93;329.223;326.966;325.212;325.202;325.192;325.202;325.259;325.259;325.259;325.259;325.259;325.259;325.259;1
876;334.731;334.211;333.837;333.43;332.902;332.123;330.94;329.233;326.977;325.262;325.253;325.243;325.252;325.309;325.309;325.309;325.309;325.309;325.309;325.309;1
878.4;334.741;334.221;333.848;333.44;332.913;332.133;330.951;329.244;326.989;325.313;325.303;325.293;325.303;325.36;325.36;325.36;325.36;325.36;325.36;325.36;1
880.8;334.752;334.231;333.858;333.451;332.923;332.144;330.961;329.255;327;325.364;325.354;325.344;325.353;325.41;325.41;325.41;325.41;325.41;325.41;325.41;1
883.2;334.762;334.242;333.868;333.461;332.933;332.154;330.972;329.266;327.011;325.414;325.404;325.394;325.404;325.46;325.46;325.46;325.46;325.46;325.46;325.46;1
885.6;334.772;334.252;333.878;333.471;332.944;332.165;330.983;329.277;327.022;325.465;325.455;325.445;325.454;325.511;325.511;325.511;325.511;325.511;325.511;325.511;1
888;334.782;334.262;333.888;333.481;332.954;332.175;330.993;329.288;327.033;325.515;325.505;325.495;325.505;325.561;325.561;325.561;325.561;325.561;325.561;325.561;1
890.4;334.793;334.272;333.898;333.491;332.964;332.186;331.004;329.299;327.045;325.566;325.556;325.546;325.555;325.611;325.611;325.611;325.611;325.611;325.611;325.611;1
892.8;334.803;334.282;333.909;333.502;332.974;332.196;331.014;329.31;327.056;325.616;325.606;325.596;325.605;325.662;325.662;325.662;325.662;325.662;325.662;325.662;1
895.2;334.813;334.292;333.919;333.512;332.985;332.206;331.025;329.32;327.067;325.666;325.657;325.647;325.656;325.712;325.712;325.712;325.712;325.712;325.712;325.712;1
897.6;334.823;334.302;333.929;333.522;332.995;332.217;331.036;329.331;327.078;325.717;325.707;325.697;325.706;325.762;325.762;325.762;325.762;325.762;325.762;325.762;1
900;334.834;334.312;333.939;333.532;333.005;332.227;331.046;329.342;327.09;325.767;325.757;325.748;325.756;325.812;325.812;325.812;325.812;325.812;325.812;325.812;1
902.4;334.844;334.323;333.949;333.543;333.016;332.238;331.057;329.353;327.101;325.818;325.808;325.798;325.807;325.863;325.863;325.863;325.863;325.863;325.863;325.863;1
904.8;334.854;334.333;333.959;333.553;333.026;332.248;331.067;329.364;327.112;325.868;325.858;325.848;325.857;325.913;325.913;325.913;325.913;325.913;325.913;325.913;1
907.2;334.864;334.343;333.97;333.563;333.036;332.258;331.078;329.375;327.123;325.918;325.909;325.899;325.907;325.963;325.963;325.963;325.963;325.963;325.963;325.963;1
909.6;334.875;334.353;333.98;333.573;333.047;332.269;331.089;329.386;327.134;325.969;325.959;325.949;325.957;326.013;326.013;326.013;326.013;326.013;326.013;326.013;1
912;334.885;334.363;333.99;333.583;333.057;332.279;331.099;329.396;327.145;326.019;326.009;325.999;326.008;326.063;326.063;326.063;326.063;326.063;326.063;326.063;1
914.4;334.895;334.373;334;333.594;333.067;332.29;331.11;329.407;327.157;326.069;326.06;326.05;326.058;326.114;326.114;326.114;326.114;326.114;326.114;326.114;1
916.8;334.905;334.383;334.01;333.604;333.077;332.3;331.12;329.418;327.168;326.12;326.11;326.1;326.108;326.164;326.164;326.164;326.164;326.164;326.164;326.164;1
919.2;334.916;334.393;334.02;333.614;333.088;332.31;331.131;329.429;327.179;326.17;326.16;326.15;326.158;326.214;326.214;326.214;326.214;326.214;326.214;326.214;1
921.6;334.926;334.403;334.03;333.624;333.098;332.321;331.141;329.44;327.19;326.22;326.211;326.201;326.209;326.264;326.264;326.264;326.264;326.264;326.264;326.264;1
924;334.936;334.413;334.041;333.634;333.108;332.331;331.152;329.451;327.201;326.271;326.261;326.251;326.259;326.314;326.314;326.314;326.314;326.314;326.314;326.314;1
926.4;334.946;334.423;334.051;333.645;333.118;332.342;331.163;329.461;327.212;326.321;326.311;326.301;326.309;326.364;326.364;326.364;326.364;326.364;326.364;326.364;1
928.8;334.957;334.434;334.061;333.655;333.129;332.352;331.173;329.472;327.224;326.371;326.361;326.351;326.359;326.414;326.414;326.414;326.414;326.414;326.414;326.414;1
931.2;334.967;334.444;334.071;333.665;333.139;332.362;331.184;329.483;327.235;326.421;326.412;326.402;326.409;326.465;326.465;326.465;326.465;326.465;326.465;326.465;1
933.6;334.977;334.454;334.081;333.675;333.149;332.373;331.194;329.494;327.246;326.472;326.462;326.452;326.46;326.515;326.515;326.515;326.515;326.515;326.515;326.515;1
936;334.987;334.464;334.091;333.685;333.159;332.383;331.205;329.505;327.257;326.522;326.512;326.502;326.51;326.565;326.565;326.565;326.565;326.565;326.565;326.565;1
938.4;334.997;334.474;334.101;333.695;333.17;332.393;331.215;329.515;327.268;326.572;326.562;326.552;326.56;326.615;326.615;326.615;326.615;326.615;326.615;326.615;1
940.8;335.008;334.484;334.111;333.706;333.18;332.404;331.226;329.526;327.279;326.622;326.612;326.603;326.61;326.665;326.665;326.665;326.665;326.665;326.665;326.665;1
943.2;335.018;334.494;334.122;333.716;333.19;332.414;331.236;329.537;327.29;326.672;326.663;326.653;326.66;326.715;326.715;326.715;326.715;326.715;326.715;326.715;1
945.6;335.028;334.504;334.132;333.726;333.2;332.424;331.247;329.548;327.302;326.723;326.713;326.703;326.71;326.765;326.765;326.765;326.765;326.765;326.765;326.765;1
948;335.038;334.514;334.142;333.736;333.211;332.435;331.257;329.559;327.313;326.773;326.763;326.753;326.76;326.815;326.815;326.815;326.815;326.815;326.815;326.815;1
950.4;335.048;334.524;334.152;333.746;333.221;332.445;331.268;329.569;327.324;326.823;326.813;326.803;326.81;326.865;326.865;326.865;326.865;326.865;326.865;326.865;1
952.8;335.058;334.534;334.162;333.757;333.231;332.456;331.278;329.58;327.335;326.873;326.863;326.853;326.86;326.915;326.915;326.915;326.915;326.915;326.915;326.915;1
955.2;335.069;334.544;334.172;333.767;333.241;332.466;331.289;329.591;327.346;326.923;326.913;326.903;326.91;326.965;326.965;326.965;326.965;326.965;326.965;326.965;1
957.6;335.079;334.554;334.182;333.777;333.252;332.476;331.299;329.602;327.357;326.973;326.963;326.953;326.96;327.015;327.015;327.015;327.015;327.015;327.015;327.015;1
960;335.089;334.564;334.192;333.787;333.262;332.487;331.31;329.612;327.368;327.023;327.013;327.003;327.01;327.065;327.065;327.065;327.065;327.065;327.065;327.065;1
962.4;335.099;334.574;334.202;333.797;333.272;332.497;331.32;329.623;327.379;327.073;327.063;327.053;327.06;327.115;327.115;327.115;327.115;327.115;327.115;327.115;1
964.8;335.109;334.584;334.212;333.807;333.282;332.507;331.331;329.634;327.39;327.123;327.113;327.103;327.11;327.164;327.164;327.164;327.164;327.164;327.164;327.164;1
967.2;335.119;334.594;334.223;333.817;333.292;332.518;331.341;329.645;327.401;327.173;327.163;327.154;327.16;327.214;327.214;327.214;327.214;327.214;327.214;327.214;1
969.6;335.13;334.604;334.233;333.827;333.303;332.528;331.352;329.655;327.413;327.224;327.213;327.204;327.21;327.264;327.264;327.264;327.264;327.264;327.264;327.264;1
972;335.14;334.614;334.243;333.838;333.313;332.538;331.362;329.666;327.424;327.273;327.263;327.254;327.26;327.314;327.314;327.314;327.314;327.314;327.314;327.314;1
974.4;335.15;334.624;334.253;333.848;333.323;332.548;331.373;329.677;327.435;327.324;327.313;327.304;327.31;327.364;327.364;327.364;327.364;327.364;327.364;327.364;1
976.8;335.16;334.634;334.263;333.858;333.333;332.559;331.383;329.688;327.446;327.373;327.363;327.354;327.36;327.414;327.414;327.414;327.414;327.414;327.414;327.414;1
979.2;335.17;334.645;334.273;333.868;333.344;332.569;331.394;329.698;327.457;327.423;327.413;327.404;327.41;327.464;327.464;327.464;327.464;327.464;327.464;327.464;1
981.6;335.18;334.655;334.283;333.878;333.354;332.579;331.404;329.709;327.483;327.473;327.463;327.453;327.46;327.513;327.513;327.513;327.513;327.513;327.513;327.513;1
984;335.19;334.665;334.293;333.888;333.364;332.59;331.415;329.72;327.534;327.523;327.513;327.503;327.509;327.563;327.563;327.563;327.563;327.563;327.563;327.563;1
986.4;335.2;334.675;334.303;333.898;333.374;332.6;331.425;329.731;327.583;327.573;327.563;327.553;327.559;327.613;327.613;327.613;327.613;327.613;327.613;327.613;1
988.8;335.211;334.685;334.313;333.909;333.384;332.61;331.436;329.741;327.633;327.623;327.613;327.603;327.609;327.663;327.663;327.663;327.663;327.663;327.663;327.663;1
991.2;335.221;334.695;334.323;333.919;333.395;332.621;331.446;329.752;327.683;327.673;327.663;327.653;327.659;327.713;327.713;327.713;327.713;327.713;327.713;327.713;1
993.6;335.231;334.705;334.333;333.929;333.405;332.631;331.457;329.763;327.733;327.723;327.713;327.703;327.709;327.762;327.762;327.762;327.762;327.762;327.762;327.762;1
996;335.241;334.715;334.343;333.939;333.415;332.641;331.467;329.773;327.782;327.773;327.763;327.753;327.759;327.812;327.812;327.812;327.812;327.812;327.812;327.812;1
998.4;335.251;334.725;334.353;333.949;333.425;332.652;331.478;329.784;327.832;327.823;327.813;327.803;327.808;327.862;327.862;327.862;327.862;327.862;327.862;327.862;1
1000.8;335.261;334.735;334.363;333.959;333.435;332.662;331.488;329.795;327.882;327.872;327.863;327.853;327.858;327.912;327.912;327.912;327.912;327.912;327.912;327.912;1
1003.2;335.271;334.745;334.374;333.969;333.445;332.672;331.499;329.806;327.932;327.922;327.912;327.903;327.908;327.961;327.961;327.961;327.961;327.961;327.961;327.961;1
1005.6;335.281;334.755;334.384;333.979;333.456;332.682;331.509;329.816;327.982;327.972;327.962;327.952;327.958;328.011;328.011;328.011;328.011;328.011;328.011;328.011;1
1008;335.291;334.765;334.394;333.989;333.466;332.693;331.52;329.827;328.032;328.022;328.012;328.002;328.007;328.061;328.061;328.061;328.061;328.061;328.061;328.061;1
1010.4;335.301;334.775;334.404;333.999;333.476;332.703;331.53;329.838;328.081;328.072;328.062;328.052;328.057;328.11;328.11;328.11;328.11;328.11;328.11;328.11;1
1012.8;335.312;334.785;334.414;334.01;333.486;332.713;331.54;329.848;328.131;328.121;328.112;328.102;328.107;328.16;328.16;328.16;328.16;328.16;328.16;328.16;1
1015.2;335.322;334.795;334.424;334.02;333.496;332.724;331.551;329.859;328.181;328.171;328.161;328.152;328.156;328.21;328.21;328.21;328.21;328.21;328.21;328.21;1
1017.6;335.332;334.805;334.434;334.03;333.506;332.734;331.561;329.87;328.231;328.221;328.211;328.201;328.206;328.259;328.259;328.259;328.259;328.259;328.259;328.259;1
1020;335.342;334.815;334.444;334.04;333.517;332.744;331.572;329.88;328.281;328.271;328.261;328.251;328.256;328.309;328.309;328.309;328.309;328.309;328.309;328.309;1
1022.4;335.352;334.824;334.454;334.05;333.527;332.754;331.582;329.891;328.33;328.32;328.311;328.301;328.306;328.358;328.358;328.358;328.358;328.358;328.358;328.358;1
1024.8;335.362;334.834;334.464;334.06;333.537;332.765;331.593;329.902;328.38;328.37;328.36;328.351;328.355;328.408;328.408;328.408;328.408;328.408;328.408;328.408;1
1027.2;335.372;334.844;334.474;334.07;333.547;332.775;331.603;329.912;328.43;328.42;328.41;328.4;328.405;328.458;328.458;328.458;328.458;328.458;328.458;328.458;1
1029.6;335.382;334.854;334.484;334.08;333.557;332.785;331.613;329.923;328.479;328.47;328.46;328.45;328.454;328.507;328.507;328.507;328.507;328.507;328.507;328.507;1
1032;335.392;334.864;334.494;334.09;333.567;332.795;331.624;329.934;328.529;328.519;328.509;328.5;328.504;328.557;328.557;328.557;328.557;328.557;328.557;328.557;1
1034.4;335.402;334.874;334.504;334.1;333.577;332.806;331.634;329.944;328.579;328.569;328.559;328.549;328.554;328.606;328.606;328.606;328.606;328.606;328.606;328.606;1
1036.8;335.412;334.884;334.514;334.11;333.588;332.816;331.645;329.955;328.628;328.619;328.609;328.599;328.603;328.656;328.656;328.656;328.656;328.656;328.656;328.656;1
1039.2;335.422;334.894;334.524;334.12;333.598;332.826;331.655;329.966;328.678;328.668;328.658;328.649;328.653;328.705;328.705;328.705;328.705;328.705;328.705;328.705;1
1041.6;335.432;334.904;334.534;334.13;333.608;332.836;331.665;329.976;328.728;328.718;328.708;328.698;328.702;328.755;328.755;328.755;328.755;328.755;328.755;328.755;1
1044;335.442;334.914;334.544;334.141;333.618;332.847;331.676;329.987;328.777;328.767;328.758;328.748;328.752;328.804;328.804;328.804;328.804;328.804;328.804;328.804;1
1046.4;335.452;334.924;334.554;334.151;333.628;332.857;331.686;329.998;328.827;328.817;328.807;328.797;328.801;328.854;328.854;328.854;328.854;328.854;328.854;328.854;1
1048.8;335.462;334.934;334.564;334.161;333.638;332.867;331.697;330.008;328.876;328.867;328.857;328.847;328.851;328.903;328.903;328.903;328.903;328.903;328.903;328.903;1
1051.2;335.472;334.944;334.574;334.171;333.648;332.877;331.707;330.019;328.926;328.916;328.906;328.897;328.9;328.953;328.953;328.953;328.953;328.953;328.953;328.953;1
1053.6;335.482;334.954;334.584;334.181;333.658;332.887;331.717;330.03;328.975;328.966;328.956;328.946;328.95;329.002;329.002;329.002;329.002;329.002;329.002;329.002;1
1056;335.492;334.964;334.594;334.191;333.669;332.898;331.728;330.04;329.025;329.015;329.005;328.996;328.999;329.052;329.052;329.052;329.052;329.052;329.052;329.052;1
1058.4;335.502;334.974;334.604;334.201;333.679;332.908;331.738;330.051;329.075;329.065;329.055;329.045;329.049;329.101;329.101;329.101;329.101;329.101;329.101;329.101;1
1060.78;335.512;334.984;334.614;334.211;333.689;332.918;331.749;330.061;329.124;329.114;329.104;329.094;329.098;329.15;329.15;329.15;329.15;329.15;329.15;329.15;1
1060.78;335.512;334.984;334.614;334.211;333.689;332.918;331.749;330.061;329.124;329.114;329.104;329.094;329.098;329.15;329.15;329.15;329.15;329.15;329.15;329.15;0
1060.8;335.512;334.984;334.614;334.211;333.689;332.918;331.749;330.061;329.124;329.114;329.105;329.095;329.098;329.15;329.15;329.15;329.15;329.15;329.15;329.15;0
1063.2;335.522;334.994;334.624;334.221;333.699;332.928;331.759;330.072;329.171;329.161;329.151;329.141;329.145;329.197;329.197;329.197;329.197;329.197;329.197;329.197;0
1065.6;335.532;335.003;334.633;334.23;333.708;332.938;331.769;330.082;329.214;329.204;329.192;329.183;329.186;329.238;329.238;329.238;329.238;329.238;329.238;329.238;0
1068;335.541;335.012;334.643;334.24;333.718;332.948;331.779;330.092;329.238;329.24;329.226;329.219;329.223;329.274;329.274;329.274;329.274;329.274;329.274;329.274;0
1070.4;335.55;335.021;334.652;334.249;333.727;332.957;331.788;330.102;329.267;329.273;329.259;329.252;329.255;329.307;329.307;329.307;329.307;329.307;329.307;329.307;0
1072.8;335.559;335.03;334.66;334.258;333.736;332.966;331.797;330.111;329.282;329.303;329.288;329.281;329.284;329.336;329.336;329.336;329.336;329.336;329.336;329.336;0
1075.2;335.567;335.038;334.669;334.266;333.744;332.974;331.806;330.12;329.305;329.329;329.314;329.307;329.31;329.362;329.362;329.362;329.362;329.362;329.362;329.362;0
1077.6;335.576;335.047;334.677;334.274;333.753;332.983;331.815;330.129;329.327;329.353;329.337;329.331;329.334;329.385;329.385;329.385;329.385;329.385;329.385;329.385;0
1080;335.584;335.055;334.685;334.282;333.761;332.991;331.823;330.138;329.348;329.375;329.359;329.352;329.355;329.407;329.407;329.407;329.407;329.407;329.407;329.407;0
1082.4;335.591;335.062;334.693;334.29;333.769;332.999;331.831;330.146;329.368;329.394;329.378;329.371;329.374;329.426;329.426;329.426;329.426;329.426;329.426;329.426;0
1084.8;335.599;335.07;334.7;334.298;333.776;333.007;331.839;330.154;329.386;329.411;329.396;329.389;329.392;329.443;329.443;329.443;329.443;329.443;329.443;329.443;0
1087.2;335.606;335.077;334.708;334.305;333.784;333.014;331.847;330.162;329.403;329.425;329.412;329.405;329.408;329.459;329.459;329.459;329.459;329.459;329.459;329.459;0
1089.6;335.613;335.084;334.715;334.312;333.791;333.022;331.854;330.17;329.419;329.437;329.427;329.419;329.422;329.473;329.473;329.473;329.473;329.473;329.473;329.473;0
1092;335.62;335.091;334.722;334.319;333.798;333.029;331.861;330.177;329.433;329.446;329.44;329.433;329.435;329.487;329.487;329.487;329.487;329.487;329.487;329.487;0
1094.4;335.627;335.097;334.728;334.326;333.805;333.036;331.868;330.185;329.447;329.456;329.453;329.445;329.448;329.499;329.499;329.499;329.499;329.499;329.499;329.499;0
1096.8;335.633;335.104;334.735;334.332;333.811;333.042;331.875;330.192;329.459;329.466;329.464;329.457;329.459;329.51;329.51;329.51;329.51;329.51;329.51;329.51;0
1099.2;335.639;335.11;334.741;334.339;333.818;333.049;331.882;330.199;329.47;329.476;329.475;329.467;329.47;329.521;329.521;329.521;329.521;329.521;329.521;329.521;0
1101.6;335.646;335.116;334.747;334.345;333.824;333.055;331.888;330.205;329.481;329.486;329.485;329.477;329.48;329.531;329.531;329.531;329.531;329.531;329.531;329.531;0
1104;335.651;335.122;334.753;334.351;333.83;333.061;331.895;330.212;329.491;329.495;329.495;329.487;329.489;329.54;329.54;329.54;329.54;329.54;329.54;329.54;0
1106.4;335.657;335.127;334.758;334.356;333.836;333.067;331.901;330.218;329.501;329.505;329.504;329.496;329.498;329.549;329.549;329.549;329.549;329.549;329.549;329.549;0
1108.8;335.663;335.133;334.764;334.362;333.841;333.073;331.907;330.224;329.51;329.514;329.513;329.504;329.507;329.558;329.558;329.558;329.558;329.558;329.558;329.558;0
1111.2;335.668;335.138;334.769;334.367;333.847;333.078;331.912;330.23;329.519;329.522;329.521;329.512;329.515;329.565;329.565;329.565;329.565;329.565;329.565;329.565;0
1113.6;335.673;335.143;334.774;334.372;333.852;333.084;331.918;330.236;329.527;329.531;329.528;329.52;329.522;329.573;329.573;329.573;329.573;329.573;329.573;329.573;0
1116;335.678;335.148;334.779;334.378;333.857;333.089;331.923;330.242;329.535;329.539;329.536;329.528;329.53;329.58;329.58;329.58;329.58;329.58;329.58;329.58;0
1118.4;335.683;335.153;334.784;334.382;333.862;333.094;331.928;330.247;329.542;329.546;329.543;329.535;329.536;329.587;329.587;329.587;329.587;329.587;329.587;329.587;0
1120.8;335.687;335.158;334.789;334.387;333.867;333.099;331.933;330.252;329.549;329.553;329.55;329.541;329.543;329.594;329.594;329.594;329.594;329.594;329.594;329.594;0
1123.2;335.692;335.162;334.793;334.392;333.871;333.104;331.938;330.257;329.556;329.56;329.556;329.548;329.55;329.6;329.6;329.6;329.6;329.6;329.6;329.6;0
1125.6;335.696;335.166;334.798;334.396;333.876;333.108;331.943;330.262;329.563;329.566;329.563;329.554;329.556;329.606;329.606;329.606;329.606;329.606;329.606;329.606;0
1128;335.701;335.171;334.802;334.4;333.88;333.113;331.948;330.267;329.569;329.573;329.569;329.56;329.562;329.612;329.612;329.612;329.612;329.612;329.612;329.612;0
1130.4;335.705;335.174;334.806;334.404;333.884;333.117;331.952;330.272;329.575;329.579;329.574;329.566;329.567;329.618;329.618;329.618;329.618;329.618;329.618;329.618;0
1132.8;335.709;335.178;334.81;334.408;333.889;333.121;331.956;330.276;329.581;329.584;329.58;329.571;329.573;329.623;329.623;329.623;329.623;329.623;329.623;329.623;0
1135.2;335.712;335.182;334.814;334.412;333.892;333.125;331.961;330.281;329.587;329.59;329.585;329.576;329.578;329.628;329.628;329.628;329.628;329.628;329.628;329.628;0
1137.6;335.716;335.186;334.817;334.416;333.896;333.129;331.965;330.285;329.593;329.595;329.591;329.581;329.583;329.633;329.633;329.633;329.633;329.633;329.633;329.633;0
1140;335.719;335.189;334.821;334.42;333.9;333.133;331.969;330.289;329.598;329.6;329.596;329.586;329.588;329.638;329.638;329.638;329.638;329.638;329.638;329.638;0
1142.4;335.723;335.193;334.824;334.423;333.903;333.136;331.972;330.293;329.603;329.605;329.601;329.591;329.593;329.643;329.643;329.643;329.643;329.643;329.643;329.643;0
1144.8;335.726;335.196;334.828;334.426;333.907;333.14;331.976;330.297;329.608;329.61;329.605;329.596;329.597;329.647;329.647;329.647;329.647;329.647;329.647;329.647;0
1147.2;335.729;335.199;334.831;334.43;333.91;333.143;331.98;330.301;329.613;329.615;329.61;329.6;329.602;329.652;329.652;329.652;329.652;329.652;329.652;329.652;0
1149.6;335.732;335.202;334.834;334.433;333.913;333.147;331.983;330.305;329.618;329.62;329.614;329.605;329.606;329.656;329.656;329.656;329.656;329.656;329.656;329.656;0
1152;335.735;335.205;334.837;334.436;333.916;333.15;331.986;330.308;329.622;329.624;329.619;329.609;329.61;329.66;329.66;329.66;329.66;329.66;329.66;329.66;0
1154.4;335.738;335.208;334.84;334.439;333.919;333.153;331.99;330.312;329.627;329.628;329.623;329.613;329.614;329.664;329.664;329.664;329.664;329.664;329.664;329.664;0
1156.8;335.741;335.21;334.842;334.441;333.922;333.156;331.993;330.315;329.631;329.632;329.627;329.617;329.618;329.668;329.668;329.668;329.668;329.668;329.668;329.668;0
1159.2;335.743;335.213;334.845;334.444;333.925;333.159;331.996;330.318;329.635;329.635;329.63;329.621;329.622;329.671;329.671;329.671;329.671;329.671;329.671;329.671;0
1161.6;335.746;335.215;334.847;334.447;333.927;333.161;331.999;330.321;329.639;329.638;329.634;329.625;329.625;329.675;329.675;329.675;329.675;329.675;329.675;329.675;0
1164;335.748;335.218;334.85;334.449;333.93;333.164;332.001;330.324;329.643;329.641;329.637;329.628;329.629;329.679;329.679;329.679;329.679;329.679;329.679;329.679;0
1166.4;335.751;335.22;334.852;334.451;333.932;333.166;332.004;330.327;329.647;329.644;329.641;329.632;329.632;329.682;329.682;329.682;329.682;329.682;329.682;329.682;0
1168.8;335.753;335.222;334.854;334.454;333.935;333.169;332.007;330.33;329.651;329.647;329.644;329.635;329.636;329.685;329.685;329.685;329.685;329.685;329.685;329.685;0
1171.2;335.755;335.224;334.856;334.456;333.937;333.171;332.009;330.333;329.655;329.651;329.647;329.639;329.639;329.689;329.689;329.689;329.689;329.689;329.689;329.689;0
1173.6;335.757;335.226;334.858;334.458;333.939;333.173;332.012;330.336;329.658;329.654;329.65;329.642;329.642;329.692;329.692;329.692;329.692;329.692;329.692;329.692;0
1176;335.759;335.228;334.86;334.46;333.941;333.176;332.014;330.338;329.662;329.657;329.654;329.645;329.645;329.695;329.695;329.695;329.695;329.695;329.695;329.695;0
1178.4;335.761;335.23;334.862;334.462;333.943;333.178;332.016;330.341;329.665;329.66;329.657;329.648;329.648;329.698;329.698;329.698;329.698;329.698;329.698;329.698;0
1180.8;335.762;335.232;334.864;334.464;333.945;333.18;332.018;330.343;329.668;329.663;329.66;329.651;329.651;329.7;329.7;329.7;329.7;329.7;329.7;329.7;0
1183.2;335.764;335.233;334.866;334.465;333.947;333.182;332.02;330.345;329.672;329.666;329.662;329.654;329.654;329.703;329.703;329.703;329.703;329.703;329.703;329.703;0
1185.6;335.766;335.235;334.867;334.467;333.949;333.183;332.022;330.347;329.675;329.669;329.665;329.656;329.657;329.706;329.706;329.706;329.706;329.706;329.706;329.706;0
1188;335.767;335.236;334.869;334.469;333.95;333.185;332.024;330.35;329.678;329.672;329.668;329.659;329.659;329.708;329.708;329.708;329.708;329.708;329.708;329.708;0
1190.4;335.769;335.238;334.87;334.47;333.952;333.187;332.026;330.352;329.681;329.674;329.67;329.662;329.662;329.711;329.711;329.711;329.711;329.711;329.711;329.711;0
1192.8;335.77;335.239;334.872;334.471;333.953;333.188;332.028;330.354;329.684;329.677;329.673;329.664;329.664;329.713;329.713;329.713;329.713;329.713;329.713;329.713;0
1195.2;335.771;335.24;334.873;334.473;333.955;333.19;332.03;330.356;329.687;329.68;329.676;329.667;329.667;329.716;329.716;329.716;329.716;329.716;329.716;329.716;0
1197.6;335.772;335.241;334.874;334.474;333.956;333.191;332.031;330.357;329.69;329.682;329.678;329.669;329.669;329.718;329.718;329.718;329.718;329.718;329.718;329.718;0
1200;335.774;335.243;334.875;334.475;333.957;333.193;332.033;330.359;329.692;329.685;329.681;329.672;329.672;329.72;329.72;329.72;329.72;329.72;329.72;329.72;0
1200;335.774;335.243;334.875;334.475;333.957;333.193;332.033;330.359;329.692;329.685;329.681;329.672;329.672;329.72;329.72;329.72;329.72;329.72;329.72;329.72;0
