Time, Gas, T_N10
0, 27.44791666, 51.02
2.87, 16.46874999, 51.03
5.87, 16.46874999, 51.06
8.995, 16.46874999, 51.1
11.87, 27.44791666, 51.14
14.87, 16.46874999, 51.23
18, 16.46874999, 51.24
21, 16.46874999, 51.27
23.87, 16.46874999, 51.28
26.87, 27.44791666, 51.31
30, 16.46874999, 51.29
32.87, 16.46874999, 51.36
35.87, 27.44791666, 51.42
39, 16.46874999, 51.47
41.87, 16.46874999, 51.54
44.87, 27.44791666, 51.55
48, 16.46874999, 51.59
50.87, 27.44791666, 51.65
53.87, 16.46874999, 51.68
57, 16.46874999, 51.73
60, 27.44791666, 51.79
62.87, 16.46874999, 51.82
65.995, 27.44791666, 51.84
68.995, 16.46874999, 51.86
71.87, 27.44791666, 51.85
74.87, 16.46874999, 51.93
78, 16.46874999, 51.89
80.87, 27.44791666, 52.06
83.87, 27.44791666, 52.01
87, 16.46874999, 52.03
89.87, 16.46874999, 52.02
92.87, 16.46874999, 52.03
96, 27.44791666, 52.09
99, 16.46874999, 52.06
101.87, 16.46874999, 52.14
105, 16.46874999, 52.18
108, 16.46874999, 52.17
110.87, 27.44791666, 52.2
113.87, 16.46874999, 52.25
117, 16.46874999, 52.25
119.87, 16.46874999, 52.24
122.87, 16.46874999, 52.28
125.995, 27.44791666, 52.3
128.87, 27.44791666, 52.33
131.87, 27.44791666, 52.34
135, 27.44791666, 52.36
138, 27.44791666, 52.38
140.87, 16.46874999, 52.49
143.87, 16.46874999, 52.49
147, 27.44791666, 52.52
149.87, 27.44791666, 52.54
152.87, 16.46874999, 52.56
156, 16.46874999, 52.61
159, 27.44791666, 52.63
161.87, 16.46874999, 52.63
164.87, 16.46874999, 52.61
168, 16.46874999, 52.63
170.87, 16.46874999, 52.64
173.87, 27.44791666, 52.67
176.87, 16.46874999, 52.69
180, 16.46874999, 52.69
182.87, 16.46874999, 52.69
185.87, 16.46874999, 52.77
188.995, 27.44791666, 52.74
191.87, 16.46874999, 52.71
194.87, 16.46874999, 52.8
197.87, 16.46874999, 52.77
201, 16.46874999, 52.78
203.87, 27.44791666, 52.8
206.87, 16.46874999, 52.77
210, 27.44791666, 52.76
213, 27.44791666, 52.74
215.87, 16.46874999, 52.72
218.87, 27.44791666, 52.76
222, 16.46874999, 52.82
224.87, 27.44791666, 52.81
227.87, 27.44791666, 52.85
230.87, 27.44791666, 52.85
234, 16.46874999, 52.84
236.87, 16.46874999, 52.86
239.87, 16.46874999, 52.82
242.87, 16.46874999, 52.85
245.87, 16.46874999, 52.89
248.995, 16.46874999, 52.88
251.87, 27.44791666, 52.86
254.87, 27.44791666, 52.89
258, 27.44791666, 52.85
261, 16.46874999, 52.89
263.87, 16.46874999, 52.89
266.87, 16.46874999, 52.95
270, 16.46874999, 52.94
272.87, 27.44791666, 52.95
275.87, 27.44791666, 52.94
278.87, 27.44791666, 52.85
282, 27.44791666, 52.9
284.87, 16.46874999, 52.94
287.87, 16.46874999, 52.97
291, 16.46874999, 52.94
294, 16.46874999, 52.96
296.87, 27.44791666, 52.9
299.87, 16.46874999, 52.85
303, 27.44791666, 52.84
305.87, 16.46874999, 52.8
308.87, 16.46874999, 52.79
312, 16.46874999, 52.84
315, 16.46874999, 52.88
317.87, 27.44791666, 52.85
320.87, 27.44791666, 52.88
324, 16.46874999, 52.85
326.87, 16.46874999, 52.91
329.87, 16.46874999, 53.01
332.87, 16.46874999, 52.97
336, 16.46874999, 52.95
338.87, 27.44791666, 53.01
341.87, 16.46874999, 53
345, 16.46874999, 52.98
347.87, 27.44791666, 52.96
350.87, 27.44791666, 53.05
354, 16.46874999, 53.02
357, 16.46874999, 53.04
359.87, 16.46874999, 53.02
362.87, 27.44791666, 53.04
365.995, 16.46874999, 53.05
368.995, 16.46874999, 53.06
371.87, 27.44791666, 53.06
374.87, 27.44791666, 53.13
377.87, 27.44791666, 53.1
380.87, 16.46874999, 53.08
384, 27.44791666, 53.13
386.87, 16.46874999, 53.13
389.87, 16.46874999, 53.15
393, 27.44791666, 53.15
396, 27.44791666, 53.19
398.87, 16.46874999, 53.16
401.87, 16.46874999, 53.17
404.87, 16.46874999, 53.21
408, 16.46874999, 53.21
410.87, 16.46874999, 53.16
413.87, 27.44791666, 53.19
416.87, 27.44791666, 53.19
420, 16.46874999, 53.2
422.87, 16.46874999, 53.2
425.87, 16.46874999, 53.19
428.87, 27.44791666, 53.19
432, 16.46874999, 53.2
435, 16.46874999, 53.17
437.87, 27.44791666, 53.1
440.87, 16.46874999, 53.2
444, 16.46874999, 53.17
446.87, 16.46874999, 53.13
449.87, 16.46874999, 53.19
452.87, 16.46874999, 53.17
456, 27.44791666, 53.21
458.87, 16.46874999, 53.2
461.87, 16.46874999, 53.12
465, 27.44791666, 53.15
468, 16.46874999, 53.13
470.87, 16.46874999, 53.15
473.87, 16.46874999, 53.16
477, 27.44791666, 53.14
479.87, 27.44791666, 53.17
482.87, 27.44791666, 53.21
485.87, 27.44791666, 53.21
488.995, 16.46874999, 53.13
491.87, 27.44791666, 53.09
494.87, 27.44791666, 53.04
497.87, 16.46874999, 53.06
500.87, 16.46874999, 53.04
503.87, 16.46874999, 53.02
507, 16.46874999, 53.02
510, 16.46874999, 53.1
513, 16.46874999, 53.06
516, 16.46874999, 53.08
519, 16.46874999, 53.06
522, 16.46874999, 53.09
525, 16.46874999, 53.16
528, 27.44791666, 53.13
531, 16.46874999, 53.06
534, 16.46874999, 53.05
537, 27.44791666, 53.07
539.87, 16.46874999, 53.05
543, 27.44791666, 53.05
545.995, 27.44791666, 53.02
548.995, 27.44791666, 52.98
552, 16.46874999, 53.02
555, 16.46874999, 53.07
558, 27.44791666, 53.01
561, 27.44791666, 53.01
564, 16.46874999, 53.04
567, 27.44791666, 53.02
570, 27.44791666, 53.04
573, 27.44791666, 53.04
576, 16.46874999, 53.02
579, 27.44791666, 53.06
582, 27.44791666, 53.09
585, 16.46874999, 53.08
588, 16.46874999, 53.08
590.87, 16.46874999, 53.05
594, 16.46874999, 53.1
597, 27.44791666, 53.06
600, 16.46874999, 53.05
603, 27.44791666, 53.01
605.995, 16.46874999, 53.04
608.995, 27.44791666, 53.04
612, 27.44791666, 53.05
615, 27.44791666, 53.01
618, 16.46874999, 53.04
621, 16.46874999, 53.06
624, 16.46874999, 52.99
627, 27.44791666, 52.92
629.87, 27.44791666, 52.93
633, 16.46874999, 52.94
636, 27.44791666, 52.95
639, 16.46874999, 52.9
642, 16.46874999, 52.9
645, 16.46874999, 52.9
648, 27.44791666, 52.86
651, 16.46874999, 52.91
654, 27.44791666, 52.81
657, 27.44791666, 52.8
660, 16.46874999, 52.83
663, 16.46874999, 52.83
665.995, 27.44791666, 52.82
668.995, 16.46874999, 52.84
672, 16.46874999, 52.86
675, 16.46874999, 52.81
678, 27.44791666, 52.79
681, 27.44791666, 52.79
684, 16.46874999, 52.75
687, 16.46874999, 52.75
690, 16.46874999, 52.75
693, 16.46874999, 52.74
696, 27.44791666, 52.73
699, 16.46874999, 52.71
702, 27.44791666, 52.7
705, 16.46874999, 52.75
708, 27.44791666, 52.67
711, 16.46874999, 52.74
714, 16.46874999, 52.69
717, 27.44791666, 52.69
720, 27.44791666, 52.73
723, 16.46874999, 52.71
725.995, 16.46874999, 52.78
728.995, 27.44791666, 52.78
732, 27.44791666, 52.77
735, 16.46874999, 52.73
738, 27.44791666, 52.73
741, 27.44791666, 52.75
744, 27.44791666, 52.71
747, 16.46874999, 52.73
750, 27.44791666, 52.67
753, 16.46874999, 52.74
756, 27.44791666, 52.71
759, 16.46874999, 52.61
762, 16.46874999, 52.7
765, 16.46874999, 52.66
768, 16.46874999, 52.57
771, 16.46874999, 52.59
774, 27.44791666, 52.59
777, 16.46874999, 52.59
780, 27.44791666, 52.59
783, 16.46874999, 52.55
785.995, 27.44791666, 52.57
788.87, 27.44791666, 52.55
791.87, 27.44791666, 52.55
795, 16.46874999, 52.55
798, 16.46874999, 52.59
801, 27.44791666, 52.54
804, 16.46874999, 52.55
807, 16.46874999, 52.55
810, 16.46874999, 52.55
813, 27.44791666, 52.6
816, 27.44791666, 52.56
819, 16.46874999, 52.54
822, 27.44791666, 52.58
825, 27.44791666, 52.56
828, 27.44791666, 52.55
831, 16.46874999, 52.54
834, 16.46874999, 52.54
836.87, 16.46874999, 52.6
840, 16.46874999, 52.46
843, 16.46874999, 52.55
846, 27.44791666, 52.6
848.995, 16.46874999, 52.56
852, 16.46874999, 52.53
855, 27.44791666, 52.58
858, 16.46874999, 52.56
861, 27.44791666, 52.58
864, 16.46874999, 52.63
867, 27.44791666, 52.62
870, 16.46874999, 52.57
873, 16.46874999, 52.58
876, 16.46874999, 52.57
879, 16.46874999, 52.59
882, 27.44791666, 52.61
885, 16.46874999, 52.59
888, 27.44791666, 52.58
891, 16.46874999, 52.62
894, 16.46874999, 52.58
897, 16.46874999, 52.59
900, 27.44791666, 52.59
903, 27.44791666, 52.62
905.995, 27.44791666, 52.56
908.995, 16.46874999, 52.6
912, 27.44791666, 52.56
915, 16.46874999, 52.58
918, 16.46874999, 52.58
921, 16.46874999, 52.6
923.87, 27.44791666, 52.56
927, 27.44791666, 52.58
930, 27.44791666, 52.56
933, 16.46874999, 52.62
936, 16.46874999, 52.62
939, 16.46874999, 52.6
942, 16.46874999, 52.62
945, 16.46874999, 52.64
948, 16.46874999, 52.62
951, 16.46874999, 52.62
954, 16.46874999, 52.62
956.87, 27.44791666, 52.6
960, 16.46874999, 52.6
963, 16.46874999, 52.64
965.995, 27.44791666, 52.62
968.995, 16.46874999, 52.59
972, 16.46874999, 52.58
975, 16.46874999, 52.56
978, 27.44791666, 52.6
981, 16.46874999, 52.62
983.87, 27.44791666, 52.63
987, 16.46874999, 52.64
990, 16.46874999, 52.64
993, 27.44791666, 52.64
996, 27.44791666, 52.62
998.87, 16.46874999, 52.66
1002, 16.46874999, 52.66
1005, 16.46874999, 52.64
1008, 16.46874999, 52.62
1011, 27.44791666, 52.62
1014, 27.44791666, 52.62
1017, 27.44791666, 52.63
1020, 16.46874999, 52.6
1023, 16.46874999, 52.6
1025.995, 16.46874999, 52.64
1028.87, 16.46874999, 52.63
1032, 16.46874999, 52.6
1035, 16.46874999, 52.58
1038, 27.44791666, 52.6
1041, 16.46874999, 52.6
1044, 27.44791666, 52.62
1047, 27.44791666, 52.63
1050, 27.44791666, 52.62
1053, 27.44791666, 52.62
1056, 16.46874999, 52.62
1059, 27.44791666, 52.68
1062, 27.44791666, 52.62
1065, 27.44791666, 52.66
1068, 27.44791666, 52.67
1071, 27.44791666, 52.62
1074, 16.46874999, 52.62
1077, 27.44791666, 52.62
1080, 16.46874999, 52.62
1083, 27.44791666, 52.65
1085.995, 16.46874999, 52.63
1088.995, 16.46874999, 52.62
1092, 16.46874999, 52.63
1095, 16.46874999, 52.67
1098, 16.46874999, 52.63
1101, 16.46874999, 52.63
1104, 27.44791666, 52.62
1107, 16.46874999, 52.67
1110, 27.44791666, 52.67
1113, 16.46874999, 52.66
1116, 16.46874999, 52.7
1119, 16.46874999, 52.74
1122, 27.44791666, 52.7
1125, 16.46874999, 52.7
1128, 16.46874999, 52.76
1131, 16.46874999, 52.74
1134, 16.46874999, 52.8
1137, 27.44791666, 52.8
1140, 16.46874999, 52.76
1142.87, 16.46874999, 52.79
1145.995, 16.46874999, 52.76
1148.995, 16.46874999, 52.84
1152, 16.46874999, 52.81
1155, 16.46874999, 52.8
1158, 16.46874999, 52.79
1161, 16.46874999, 52.8
1164, 27.44791666, 52.82
1167, 16.46874999, 52.8
1170, 16.46874999, 52.81
1173, 16.46874999, 52.84
1176, 27.44791666, 52.79
1179, 16.46874999, 52.8
1182, 27.44791666, 52.79
1185, 27.44791666, 52.76
1187.87, 16.46874999, 52.72
1191, 16.46874999, 52.76
1194, 16.46874999, 52.71
1197, 16.46874999, 52.72
1200, 27.44791666, 52.65
1203, 16.46874999, 52.66
1205.995, 16.46874999, 52.7
1208.995, 16.46874999, 52.65
1212, 16.46874999, 52.69
1215, 27.44791666, 52.68
1218, 16.46874999, 52.69
1221, 16.46874999, 52.73
1224, 27.44791666, 52.75
1227, 16.46874999, 52.67
1230, 16.46874999, 52.68
1233, 16.46874999, 52.67
1236, 16.46874999, 52.69
1239, 27.44791666, 52.71
1242, 16.46874999, 52.68
1245, 16.46874999, 52.69
1248, 16.46874999, 52.63
1251, 16.46874999, 52.74
1254, 16.46874999, 52.72
1257, 16.46874999, 52.68
1260, 27.44791666, 52.71
1263, 16.46874999, 52.78
1265.995, 16.46874999, 52.68
1268.995, 16.46874999, 52.72
1272, 16.46874999, 52.66
1275, 27.44791666, 52.68
1278, 16.46874999, 52.66
1281, 16.46874999, 52.6
1284, 27.44791666, 52.66
1287, 16.46874999, 52.68
1290, 16.46874999, 52.61
1293, 16.46874999, 52.66
1296, 16.46874999, 52.66
1299, 27.44791666, 52.64
1302, 16.46874999, 52.68
1305, 16.46874999, 52.65
1308, 16.46874999, 52.66
1311, 27.44791666, 52.69
1314, 27.44791666, 52.69
1317, 16.46874999, 52.73
1320, 16.46874999, 52.77
1323, 16.46874999, 52.74
1325.995, 16.46874999, 52.78
1328.995, 16.46874999, 52.82
1332, 16.46874999, 52.82
1335, 16.46874999, 52.82
1338, 16.46874999, 52.81
1341, 27.44791666, 52.82
1344, 27.44791666, 52.84
1347, 27.44791666, 52.76
1350, 27.44791666, 52.8
1353, 16.46874999, 52.82
1356, 27.44791666, 52.84
1359, 27.44791666, 52.82
1362, 16.46874999, 52.78
1365, 27.44791666, 52.84
1368, 27.44791666, 52.8
1371, 16.46874999, 52.85
1374, 16.46874999, 52.84
1377, 16.46874999, 52.84
1380, 16.46874999, 52.82
1383, 27.44791666, 52.81
1385.995, 27.44791666, 52.82
1388.995, 16.46874999, 52.82
1392, 27.44791666, 52.81
1395, 16.46874999, 52.89
1398, 16.46874999, 52.8
1401, 27.44791666, 52.8
1404, 27.44791666, 52.86
1407, 16.46874999, 52.84
1410, 16.46874999, 52.88
1413, 16.46874999, 52.89
1416, 16.46874999, 52.84
1419, 27.44791666, 52.85
1422, 16.46874999, 52.84
1425, 16.46874999, 52.85
1428, 16.46874999, 52.89
1431, 27.44791666, 52.88
1434, 27.44791666, 52.81
1437, 16.46874999, 52.85
1440, 27.44791666, 52.85
1443, 16.46874999, 52.81
1445.995, 27.44791666, 52.85
1448.995, 16.46874999, 52.8
1452, 27.44791666, 52.82
1455, 16.46874999, 52.82
1458, 16.46874999, 52.78
1461, 27.44791666, 52.86
1464, 16.46874999, 52.82
1467, 16.46874999, 52.8
1470, 27.44791666, 52.84
1473, 16.46874999, 52.82
1475.87, 16.46874999, 52.81
1479, 27.44791666, 52.85
1482, 27.44791666, 52.86
1485, 16.46874999, 52.9
1488, 16.46874999, 52.89
1491, 16.46874999, 52.84
1494, 16.46874999, 52.86
1497, 16.46874999, 52.85
1500, 16.46874999, 52.8
1503, 16.46874999, 52.89
1505.995, 16.46874999, 52.86
1508.995, 16.46874999, 52.9
1511.87, 16.46874999, 52.9
1515, 27.44791666, 52.85
1518, 16.46874999, 52.86
1521, 16.46874999, 52.85
1524, 27.44791666, 52.86
1527, 16.46874999, 52.81
1530, 16.46874999, 52.84
1533, 27.44791666, 52.85
1536, 16.46874999, 52.85
1539, 16.46874999, 52.84
1542, 16.46874999, 52.81
1545, 16.46874999, 52.82
1548, 27.44791666, 52.84
1551, 27.44791666, 52.86
1554, 27.44791666, 52.87
1556.87, 16.46874999, 52.82
1560, 16.46874999, 52.86
1563, 16.46874999, 52.82
1565.995, 16.46874999, 52.84
1568.995, 27.44791666, 52.81
1572, 27.44791666, 52.87
1575, 27.44791666, 52.82
1578, 16.46874999, 52.85
1581, 27.44791666, 52.73
1584, 16.46874999, 52.72
1587, 16.46874999, 52.74
1590, 16.46874999, 52.74
1593, 16.46874999, 52.72
1596, 27.44791666, 52.73
1599, 16.46874999, 52.77
1602, 16.46874999, 52.72
1605, 27.44791666, 52.75
1608, 27.44791666, 52.66
1611, 16.46874999, 52.73
1614, 16.46874999, 52.74
1617, 27.44791666, 52.73
1620, 27.44791666, 52.35
1623, 16.46874999, 50.29
1625.995, 16.46874999, 47.64
1628.995, 16.46874999, 45.14
1632, 27.44791666, 42.72
1635, 27.44791666, 40.57
1637.87, 16.46874999, 38.66
1641, 16.46874999, 37
1644, 16.46874999, 35.48
1646.87, 16.46874999, 34.15
1650, 16.46874999, 32.89
1653, 27.44791666, 31.83
1656, 27.44791666, 30.86
1659, 27.44791666, 29.96
1662, 16.46874999, 29.22
1665, 16.46874999, 28.52
1668, 16.46874999, 27.85
1671, 16.46874999, 27.24
1674, 16.46874999, 26.72
1677, 27.44791666, 26.24
1680, 16.46874999, 25.87
1683, 27.44791666, 25.51
1685.995, 16.46874999, 25.1
1688.995, 16.46874999, 24.87
1692, 27.44791666, 24.62
1695, 27.44791666, 24.41
1698, 27.44791666, 24.1
1701, 27.44791666, 23.89
1704, 16.46874999, 23.62
1707, 27.44791666, 23.48
1710, 16.46874999, 23.33
1713, 27.44791666, 23.16
1716, 16.46874999, 22.94
1719, 27.44791666, 22.85
1722, 16.46874999, 22.7
1725, 27.44791666, 22.64
1728, 16.46874999, 22.52
1731, 16.46874999, 22.36
1734, 16.46874999, 22.25
1737, 16.46874999, 22.08
1740, 27.44791666, 22.07
1743, 27.44791666, 21.94
1745.995, 16.46874999, 21.79
1748.995, 16.46874999, 21.7
1752, 27.44791666, 21.65
1755, 16.46874999, 21.51
1758, 16.46874999, 21.37
1761, 16.46874999, 21.22
1764, 16.46874999, 21.22
1767, 16.46874999, 21.11
1770, 27.44791666, 21.02
1773, 16.46874999, 20.93
1776, 16.46874999, 20.85
1779, 16.46874999, 20.74
1782, 16.46874999, 20.55
1785, 16.46874999, 20.37
1788, 16.46874999, 20.22
1790.87, 16.46874999, 19.94
1794, 27.44791666, 19.72
1797, 16.46874999, 19.45
1800, 16.46874999, 19.2
1803, 16.46874999, 18.93
1805.995, 16.46874999, 18.63
1808.995, 16.46874999, 18.3
1812, 27.44791666, 18.08
1815, 16.46874999, 17.83
1818, 16.46874999, 17.55
1821, 16.46874999, 17.28
1824, 16.46874999, 17.03
1827, 16.46874999, 16.8
1830, 16.46874999, 16.59
1833, 27.44791666, 16.31
1836, 16.46874999, 15.96
1839, 16.46874999, 15.78
1842, 27.44791666, 15.53
1845, 16.46874999, 15.27
1848, 16.46874999, 15.01
1851, 27.44791666, 14.75
1854, 16.46874999, 14.58
1857, 16.46874999, 14.3
1860, 16.46874999, 14.15
1863, 16.46874999, 13.99
1865.995, 16.46874999, 13.85
1868.995, 16.46874999, 13.71
1872, 16.46874999, 13.61
1875, 16.46874999, 13.45
1878, 16.46874999, 13.26
1881, 27.44791666, 13.18
1884, 27.44791666, 13.03
1887, 16.46874999, 12.89
1890, 27.44791666, 12.74
1893, 16.46874999, 12.69
1896, 16.46874999, 12.64
1899, 16.46874999, 12.44
1902, 16.46874999, 12.44
1905, 16.46874999, 12.3
1908, 16.46874999, 12.22
1911, 27.44791666, 12.16
1914, 16.46874999, 12.15
1917, 27.44791666, 12.05
1920, 27.44791666, 11.94
1922.87, 27.44791666, 11.94
1925.87, 16.46874999, 11.94
1928.995, 16.46874999, 11.84
1932, 16.46874999, 11.78
1935, 16.46874999, 11.79
1938, 16.46874999, 11.8
1941, 16.46874999, 11.71
1944, 16.46874999, 11.71
1947, 27.44791666, 11.66
1950, 16.46874999, 11.62
1953, 16.46874999, 11.62
1956, 16.46874999, 11.65
1959, 16.46874999, 11.64
1962, 16.46874999, 11.64
1965, 16.46874999, 11.65
1968, 16.46874999, 11.65
1971, 16.46874999, 11.66
1974, 16.46874999, 11.64
1977, 16.46874999, 11.61
1980, 16.46874999, 11.59
1983, 16.46874999, 11.62
1985.995, 16.46874999, 11.67
1988.995, 16.46874999, 11.68
1992, 16.46874999, 11.67
1995, 27.44791666, 11.63
1998, 27.44791666, 11.62
2001, 27.44791666, 11.61
2004, 16.46874999, 11.63
2007, 16.46874999, 11.62
2010, 16.46874999, 11.63
2013, 16.46874999, 11.63
2016, 16.46874999, 11.62
2019, 27.44791666, 11.61
2022, 27.44791666, 11.61
2025, 16.46874999, 11.67
2028, 16.46874999, 11.58
2031, 16.46874999, 11.61
2034, 16.46874999, 11.66
2037, 16.46874999, 11.67
2040, 16.46874999, 11.67
2043, 16.46874999, 11.66
2045.995, 16.46874999, 11.62
2048.995, 16.46874999, 11.63
2052, 16.46874999, 11.65
2055, 16.46874999, 11.65
2058, 16.46874999, 11.74
2061, 16.46874999, 11.79
2064, 16.46874999, 11.8
2067, 16.46874999, 11.84
2070, 27.44791666, 11.79
2073, 16.46874999, 11.77
2076, 16.46874999, 11.85
2079, 16.46874999, 11.77
2082, 16.46874999, 11.84
2085, 16.46874999, 11.87
2088, 27.44791666, 11.83
2091, 16.46874999, 11.85
2093.87, 16.46874999, 11.92
2097, 27.44791666, 11.94
2100, 27.44791666, 11.98
2103, 16.46874999, 11.98
2105.995, 16.46874999, 12.01
2108.995, 16.46874999, 11.99
2112, 16.46874999, 11.99
2115, 16.46874999, 11.99
2118, 16.46874999, 12.05
2121, 27.44791666, 12.08
2124, 16.46874999, 12.04
2127, 16.46874999, 12.08
2130, 16.46874999, 12.01
2132.87, 16.46874999, 12.12
2136, 16.46874999, 12.12
2139, 16.46874999, 12.16
2141.87, 27.44791666, 12.16
2145, 16.46874999, 12.16
2148, 27.44791666, 12.12
2151, 16.46874999, 12.11
2154, 16.46874999, 12.15
2157, 16.46874999, 12.16
2160, 16.46874999, 12.16
2163, 16.46874999, 12.23
2165.87, 16.46874999, 12.17
2168.995, 16.46874999, 12.18
2171.87, 16.46874999, 12.19
2175, 16.46874999, 12.29
2178, 16.46874999, 12.18
2180.87, 27.44791666, 12.26
2184, 27.44791666, 12.27
2187, 16.46874999, 12.23
2190, 27.44791666, 12.31
2193, 16.46874999, 12.3
2196, 16.46874999, 12.22
2199, 16.46874999, 12.2
2202, 16.46874999, 12.27
2205, 16.46874999, 12.27
2208, 16.46874999, 12.3
2211, 27.44791666, 12.31
2214, 16.46874999, 12.31
2217, 27.44791666, 12.28
2220, 16.46874999, 12.27
2222.87, 16.46874999, 12.27
2225.995, 16.46874999, 12.3
2228.995, 16.46874999, 12.21
2232, 16.46874999, 12.17
2235, 16.46874999, 12.18
2238, 27.44791666, 12.19
2241, 16.46874999, 12.17
2244, 16.46874999, 12.26
2247, 16.46874999, 12.23
2250, 16.46874999, 12.2
2253, 16.46874999, 12.13
2255.87, 16.46874999, 12.2
2259, 27.44791666, 12.18
2261.87, 16.46874999, 12.17
2265, 27.44791666, 12.16
2267.87, 16.46874999, 12.14
2271, 16.46874999, 12.13
2274, 16.46874999, 12.16
2277, 16.46874999, 12.18
2280, 16.46874999, 12.24
2283, 16.46874999, 12.24
2285.995, 27.44791666, 12.2
2288.995, 27.44791666, 12.24
2291.87, 27.44791666, 12.22
2295, 27.44791666, 12.25
2298, 16.46874999, 12.21
2300.87, 27.44791666, 12.19
2303.87, 16.46874999, 12.16
2307, 16.46874999, 12.24
2310, 16.46874999, 12.2
2313, 16.46874999, 12.21
2316, 27.44791666, 12.18
2319, 16.46874999, 12.21
2322, 16.46874999, 12.22
2325, 16.46874999, 12.21
2328, 16.46874999, 12.22
2331, 16.46874999, 12.18
2334, 27.44791666, 12.2
2337, 16.46874999, 12.21
2339.87, 27.44791666, 12.21
2342.87, 16.46874999, 12.21
2345.995, 16.46874999, 12.22
2348.87, 27.44791666, 12.18
2351.87, 27.44791666, 12.2
2355, 16.46874999, 12.16
2358, 16.46874999, 12.26
2361, 16.46874999, 12.22
2364, 16.46874999, 12.21
2367, 16.46874999, 12.22
2370, 16.46874999, 12.21
2373, 27.44791666, 12.25
2376, 27.44791666, 12.28
2379, 27.44791666, 12.24
2382, 16.46874999, 12.24
2385, 16.46874999, 12.25
2388, 16.46874999, 12.21
2391, 16.46874999, 12.24
2394, 16.46874999, 12.24
2397, 16.46874999, 12.23
2400, 16.46874999, 12.29
2403, 16.46874999, 12.26
2405.995, 16.46874999, 12.32
2408.995, 27.44791666, 12.27
2412, 27.44791666, 12.28
2415, 16.46874999, 12.32
2418, 16.46874999, 12.36
2421, 16.46874999, 12.3
2424, 16.46874999, 12.3
2427, 16.46874999, 12.36
2430, 27.44791666, 12.33
2433, 13268.32291, 12.35
2436, 14624.24999, 12.49
2438.87, 14042.35416, 13.42
2442, 14476.03124, 15.29
2445, 16853.02083, 18.08
2448, 16798.12499, 21.45
2451, 16578.54166, 25.11
2454, 15941.74999, 28.8
2457, 16018.60416, 32.39
2460, 16578.54166, 35.78
2463, 16633.43749, 38.58
2465.995, 16798.12499, 41.06
2468.995, 16907.91666, 43.23
2472, 17072.60416, 45.24
2475, 17017.70833, 46.94
2478, 16907.91666, 48.59
2481, 16578.54166, 49.98
2484, 16468.74999, 51.22
2487, 16578.54166, 52.4
2490, 16468.74999, 53.36
2493, 16282.10416, 54.26
2496, 16358.95833, 55.02
2499, 16210.73958, 55.59
2502, 15936.26041, 56.2
2505, 15842.93749, 56.56
2508, 15738.63541, 57.02
2511, 15667.27083, 57.35
2514, 15656.29166, 57.47
2516.87, 15562.96874, 57.65
2519.87, 15562.96874, 57.84
2523, 15480.62499, 57.93
2525.995, 15409.26041, 57.93
2528.995, 15299.46874, 57.94
2532, 15409.26041, 57.95
2535, 15299.46874, 58
2538, 15299.46874, 58.01
2541, 15222.61458, 58.04
2544, 15299.46874, 58.1
2547, 15222.61458, 58.1
2550, 15222.61458, 58.06
2553, 15222.61458, 58.08
2556, 15222.61458, 58.14
2558.87, 15222.61458, 58.09
2562, 15222.61458, 58.12
2565, 15299.46874, 58.13
2568, 15222.61458, 58.21
2571, 15222.61458, 58.27
2574, 15151.24999, 58.31
2577, 15206.14583, 58.43
2580, 15140.27083, 58.46
2583, 15129.29166, 58.51
2585.995, 15129.29166, 58.51
2588.995, 15206.14583, 58.55
2592, 15222.61458, 58.61
2595, 15222.61458, 58.56
2598, 15068.90624, 58.65
2601, 15222.61458, 58.63
2604, 14772.46874, 58.65
2607, 14854.81249, 58.7
2610, 14843.83333, 58.79
2613, 14854.81249, 58.83
2616, 14854.81249, 58.82
2619, 14854.81249, 58.76
2622, 14964.60416, 58.79
2625, 14964.60416, 58.81
2628, 15030.47916, 58.82
2631, 15035.96874, 58.82
2634, 15129.29166, 58.75
2637, 15211.63541, 58.78
2640, 15112.82291, 58.81
2643, 15035.96874, 58.89
2645.995, 15140.27083, 59.05
2648.995, 15112.82291, 59.2
2652, 15035.96874, 59.28
2655, 15222.61458, 59.37
2658, 15068.90624, 59.41
2661, 15129.29166, 59.48
2664, 15035.96874, 59.56
2667, 15140.27083, 59.53
2670, 15129.29166, 59.59
2673, 15140.27083, 59.56
2676, 15123.80208, 59.56
2679, 15112.82291, 59.61
2682, 15195.16666, 59.66
2685, 15035.96874, 59.74
2688, 15123.80208, 59.78
2691, 15112.82291, 59.77
2693.87, 15035.96874, 59.88
2697, 15035.96874, 59.95
2700, 15035.96874, 59.93
2703, 15030.47916, 59.93
2705.995, 14964.60416, 59.93
2708.995, 15030.47916, 59.88
2712, 15140.27083, 59.88
2715, 15035.96874, 59.95
2718, 15035.96874, 59.93
2721, 15035.96874, 59.99
2724, 14926.17708, 60.07
2727, 14953.62499, 60.05
2730, 14854.81249, 60.09
2732.87, 14964.60416, 60.08
2735.87, 14964.60416, 60.04
2739, 14854.81249, 60.16
2742, 14964.60416, 60.05
2745, 14964.60416, 60.09
2748, 14964.60416, 60.04
2750.87, 14964.60416, 60.1
2754, 14964.60416, 60.08
2757, 14964.60416, 60.08
2760, 14964.60416, 60.09
2763, 14964.60416, 60.17
2765.995, 14926.17708, 60.18
2768.995, 14854.81249, 60.18
2772, 14964.60416, 60.2
2775, 14964.60416, 60.17
2778, 14953.62499, 60.08
2781, 14964.60416, 60.14
2784, 15035.96874, 60.14
2787, 14953.62499, 60.18
2789.87, 14772.46874, 60.1
2793, 14854.81249, 60.12
2796, 14772.46874, 60.06
2799, 14761.48958, 60.1
2802, 14772.46874, 60.12
2805, 14854.81249, 60.09
2808, 14772.46874, 60.08
2811, 14854.81249, 60.1
2814, 14854.81249, 60.02
2817, 14854.81249, 59.95
2820, 14926.17708, 59.95
2823, 14777.95833, 59.98
2825.995, 14854.81249, 59.94
2828.995, 14854.81249, 59.95
2832, 14865.79166, 59.96
2835, 14865.79166, 59.97
2838, 14854.81249, 60
2841, 14854.81249, 60.01
2844, 14854.81249, 59.94
2847, 14865.79166, 59.99
2850, 14854.81249, 59.95
2853, 14893.23958, 59.98
2856, 14926.17708, 60.09
2859, 14893.23958, 60.15
2862, 14854.81249, 60.18
2865, 14854.81249, 60.2
2868, 14777.95833, 60.21
2871, 14854.81249, 60.17
2874, 14926.17708, 60.1
2877, 14854.81249, 60.08
2880, 14926.17708, 60.09
2883, 14964.60416, 60.08
2885.995, 14964.60416, 60.08
2888.995, 15003.03124, 60.02
2892, 14854.81249, 60.06
2895, 14854.81249, 60.09
2898, 14926.17708, 60.08
2901, 14854.81249, 60.16
2904, 14926.17708, 60.26
2907, 14926.17708, 60.27
2910, 14777.95833, 60.26
2913, 14854.81249, 60.25
2916, 14854.81249, 60.22
2918.87, 14893.23958, 60.22
2922, 14964.60416, 60.26
2925, 14893.23958, 60.25
2928, 14854.81249, 60.24
2931, 14854.81249, 60.18
2934, 14865.79166, 60.17
2937, 14926.17708, 60.16
2940, 14854.81249, 60.24
2943, 14772.46874, 60.25
2945.995, 14926.17708, 60.29
2948.995, 14854.81249, 60.31
2952, 14777.95833, 60.33
2955, 14772.46874, 60.36
2958, 14772.46874, 60.31
2961, 14854.81249, 60.27
2964, 14865.79166, 60.27
2966.87, 14854.81249, 60.27
2970, 14772.46874, 60.27
2973, 14854.81249, 60.23
2976, 14854.81249, 60.25
2979, 14865.79166, 60.35
2982, 14865.79166, 60.29
2985, 14772.46874, 60.35
2988, 14772.46874, 60.38
2991, 14772.46874, 60.39
2994, 14772.46874, 60.39
2997, 14772.46874, 60.35
3000, 14761.48958, 60.27
3003, 14865.79166, 60.29
3005.995, 14964.60416, 60.23
3008.995, 14937.15624, 60.26
3012, 14893.23958, 60.28
3015, 14926.17708, 60.27
3018, 14865.79166, 60.39
3021, 14854.81249, 60.42
3024, 14865.79166, 60.44
3027, 14772.46874, 60.49
3030, 14772.46874, 60.55
3033, 14854.81249, 60.46
3036, 14772.46874, 60.51
3039, 14854.81249, 60.46
3042, 14772.46874, 60.41
3045, 14854.81249, 60.46
3048, 14854.81249, 60.46
3051, 14838.34374, 60.5
3054, 14854.81249, 60.46
3057, 14854.81249, 60.47
3060, 14926.17708, 60.51
3063, 14854.81249, 60.51
3065.995, 14854.81249, 60.47
3068.995, 14854.81249, 60.48
3072, 14854.81249, 60.43
3075, 14865.79166, 60.42
3078, 14854.81249, 60.4
3081, 14854.81249, 60.44
3084, 14854.81249, 60.48
3087, 14788.93749, 60.54
3090, 14772.46874, 60.62
3093, 14772.46874, 60.66
3096, 14772.46874, 60.66
3099, 14865.79166, 60.63
3102, 14788.93749, 60.67
3105, 14761.48958, 60.56
3108, 14772.46874, 60.46
3111, 14893.23958, 60.43
3114, 14854.81249, 60.44
3117, 14865.79166, 60.42
3120, 14854.81249, 60.47
3123, 14854.81249, 60.42
3125.995, 14772.46874, 60.55
3128.995, 14772.46874, 60.6
3132, 14690.12499, 60.58
3134.87, 14679.14583, 60.64
3137.87, 14772.46874, 60.66
3141, 14772.46874, 60.68
3144, 14772.46874, 60.67
3147, 14772.46874, 60.56
3150, 14772.46874, 60.56
3153, 14777.95833, 60.55
3156, 14772.46874, 60.5
3159, 14854.81249, 60.56
3162, 14772.46874, 60.54
3164.87, 14772.46874, 60.67
3168, 14695.61458, 60.64
3171, 14772.46874, 60.63
3173.87, 14772.46874, 60.64
3177, 14772.46874, 60.64
3179.87, 14772.46874, 60.64
3183, 14772.46874, 60.62
3185.995, 14854.81249, 60.59
3188.995, 14854.81249, 60.51
3192, 14772.46874, 60.54
3195, 14772.46874, 60.55
3198, 14772.46874, 60.62
3201, 14690.12499, 60.65
3204, 14772.46874, 60.71
3207, 2195.833333, 60.71
3210, 911.270833, 60.47
3212.87, 27.44791666, 59.75
3216, 16.46874999, 58.36
3219, 16.46874999, 56.23
3222, 16.46874999, 53.58
3225, 16.46874999, 50.61
3228, 27.44791666, 47.84
3231, 16.46874999, 44.99
3234, 16.46874999, 42.34
3237, 16.46874999, 39.82
3240, 16.46874999, 37.48
3243, 27.44791666, 35.3
3245.995, 16.46874999, 33.39
3248.995, 27.44791666, 31.65
3251.87, 16.46874999, 30.1
3254.87, 16.46874999, 28.71
3258, 27.44791666, 27.42
3260.87, 16.46874999, 26.33
3264, 27.44791666, 25.26
3267, 16.46874999, 24.49
3270, 16.46874999, 23.72
3273, 16.46874999, 23.13
3276, 16.46874999, 22.56
3279, 16.46874999, 21.94
3282, 27.44791666, 21.47
3285, 16.46874999, 21.06
3288, 27.44791666, 20.64
3291, 16.46874999, 20.21
3294, 27.44791666, 19.94
3297, 16.46874999, 19.65
3300, 16.46874999, 19.32
3303, 16.46874999, 19.06
3305.995, 16.46874999, 18.85
3308.995, 27.44791666, 18.65
3312, 16.46874999, 18.5
3315, 16.46874999, 18.33
3318, 27.44791666, 18.14
3321, 27.44791666, 17.98
3324, 16.46874999, 17.78
3327, 27.44791666, 17.66
3330, 16.46874999, 17.6
3333, 27.44791666, 17.53
3336, 27.44791666, 17.48
3339, 27.44791666, 17.37
3342, 27.44791666, 17.27
3345, 27.44791666, 17.25
3348, 27.44791666, 17.15
3351, 27.44791666, 17.14
3354, 16.46874999, 17.18
3357, 27.44791666, 17.12
3360, 16.46874999, 17.2
3363, 27.44791666, 17.08
3365.995, 16.46874999, 17.03
3368.995, 16.46874999, 16.96
3372, 16.46874999, 16.94
3375, 27.44791666, 16.9
3378, 16.46874999, 16.87
3381, 16.46874999, 16.85
3384, 16.46874999, 16.82
3387, 16.46874999, 16.76
3390, 16.46874999, 16.75
3393, 16.46874999, 16.7
3396, 16.46874999, 16.69
3399, 27.44791666, 16.6
3402, 27.44791666, 16.6
3405, 16.46874999, 16.5
3408, 27.44791666, 16.46
3411, 16.46874999, 16.44
3414, 16.46874999, 16.3
3417, 27.44791666, 16.32
3420, 16.46874999, 16.25
3423, 16.46874999, 16.2
3425.995, 16.46874999, 16.18
3428.87, 16.46874999, 16.14
3431.87, 16.46874999, 16.1
3435, 16.46874999, 16.05
3438, 27.44791666, 16.02
3441, 16.46874999, 15.92
3444, 27.44791666, 15.85
3447, 27.44791666, 15.81
3450, 27.44791666, 15.83
3453, 16.46874999, 15.78
3456, 27.44791666, 15.84
3459, 16.46874999, 15.87
3462, 16.46874999, 15.85
3465, 27.44791666, 15.87
3468, 27.44791666, 15.86
3471, 27.44791666, 15.76
3474, 16.46874999, 15.76
3477, 16.46874999, 15.79
3480, 16.46874999, 15.68
3483, 16.46874999, 15.61
3485.995, 27.44791666, 15.52
3488.995, 27.44791666, 15.52
3492, 27.44791666, 15.47
3495, 27.44791666, 15.43
3498, 16.46874999, 15.37
3501, 27.44791666, 15.33
3504, 16.46874999, 15.27
3507, 27.44791666, 15.18
3510, 27.44791666, 15.11
3513, 27.44791666, 15.1
3516, 16.46874999, 14.88
3519, 16.46874999, 14.83
3522, 16.46874999, 14.82
3525, 16.46874999, 14.76
3528, 27.44791666, 14.76
3531, 16.46874999, 14.67
3534, 16.46874999, 14.65
3537, 16.46874999, 14.63
3540, 16.46874999, 14.52
3543, 16.46874999, 14.49
3545.995, 16.46874999, 14.65
3548.995, 27.44791666, 14.54
3552, 16.46874999, 14.54
3555, 27.44791666, 14.58
3558, 16.46874999, 14.64
3561, 16.46874999, 14.54
3564, 16.46874999, 14.52
3567, 16.46874999, 14.63
3570, 16.46874999, 14.7
3573, 16.46874999, 14.72
3576, 16.46874999, 14.57
3579, 16.46874999, 14.58
3582, 27.44791666, 14.5
3585, 16.46874999, 14.62
3588, 16.46874999, 14.64
3591, 16.46874999, 14.74
3594, 27.44791666, 14.75
3597, 16.46874999, 14.57
3600, 27.44791666, 14.57
3603, 16.46874999, 14.59
3605.995, 16.46874999, 14.43
3608.995, 16.46874999, 14.41
3612, 27.44791666, 14.46
3615, 16.46874999, 14.37
3618, 27.44791666, 14.42
3620.87, 16.46874999, 14.5
3624, 16.46874999, 14.45
3627, 27.44791666, 14.54
3630, 16.46874999, 14.48
3633, 27.44791666, 14.54
3636, 16.46874999, 14.5
3639, 16.46874999, 14.49
3642, 27.44791666, 14.54
3645, 16.46874999, 14.42
3648, 27.44791666, 14.42
3651, 16.46874999, 14.54
3654, 16.46874999, 14.58
3657, 16.46874999, 14.49
3659.87, 27.44791666, 14.47
3663, 27.44791666, 14.43
3665.995, 16.46874999, 14.4
3668.87, 27.44791666, 14.43
3672, 16.46874999, 14.38
3675, 16.46874999, 14.35
3678, 27.44791666, 14.52
3681, 16.46874999, 14.5
3684, 16.46874999, 14.42
3687, 27.44791666, 14.5
3690, 16.46874999, 14.52
3693, 27.44791666, 14.4
3696, 16.46874999, 14.39
3699, 16.46874999, 14.2
3702, 16.46874999, 14.22
3705, 27.44791666, 14.1
3708, 27.44791666, 13.93
3711, 16.46874999, 13.96
3714, 16.46874999, 13.96
3717, 27.44791666, 13.91
3720, 27.44791666, 13.95
3723, 16.46874999, 13.96
3725.995, 27.44791666, 13.92
3728.995, 16.46874999, 13.96
3732, 16.46874999, 13.98
3735, 27.44791666, 14.03
3738, 27.44791666, 14.09
3741, 16.46874999, 13.95
3744, 16.46874999, 13.92
3747, 16.46874999, 13.99
3750, 27.44791666, 13.93
3753, 27.44791666, 13.85
3756, 27.44791666, 13.76
3759, 16.46874999, 13.71
3762, 27.44791666, 13.65
3765, 9689.11458, 13.55
3768, 12971.88541, 13.74
3771, 12104.53125, 14.43
3774, 12483.3125, 15.99
3777, 15519.05208, 18.38
3780, 15112.82291, 21.32
3783, 15299.46874, 24.58
3785.995, 14964.60416, 27.89
3788.995, 14926.17708, 31.17
3792, 15277.51041, 34.38
3795, 16106.43749, 37.23
3798, 16007.62499, 39.75
3801, 16210.73958, 42.12
3804, 16210.73958, 44.16
3807, 16369.93749, 46.08
3810, 16210.73958, 47.78
3813, 16106.43749, 49.43
3816, 16018.60416, 50.78
3819, 15842.93749, 52.07
3822, 15848.42708, 53.12
3825, 15667.27083, 54.14
3828, 15667.27083, 54.92
3831, 15508.07291, 55.7
3834, 15409.26041, 56.46
3837, 15409.26041, 56.95
3840, 15140.27083, 57.46
3843, 15030.47916, 57.79
3845.995, 14777.95833, 58.2
3848.995, 14854.81249, 58.46
3852, 14772.46874, 58.66
3855, 14690.12499, 58.64
3858, 14772.46874, 58.73
3861, 14596.80208, 58.95
3864, 14596.80208, 58.93
3867, 14596.80208, 59.07
3870, 14596.80208, 59.14
3873, 14596.80208, 59.1
3876, 14596.80208, 59.15
3879, 14624.24999, 59.2
3882, 14668.16666, 59.23
3885, 14695.61458, 59.23
3888, 14690.12499, 59.35
3891, 14492.49999, 59.3
3894, 14421.13541, 59.45
3897, 14492.49999, 59.51
3900, 14421.13541, 59.45
3903, 14421.13541, 59.48
3905.995, 14492.49999, 59.55
3908.995, 14492.49999, 59.55
3912, 14596.80208, 59.55
3915, 14569.35416, 59.4
3918, 14596.80208, 59.5
3921, 14596.80208, 59.5
3924, 14596.80208, 59.58
3927, 14695.61458, 59.59
3930, 14690.12499, 59.68
3933, 14679.14583, 59.77
3936, 14624.24999, 59.57
3939, 14596.80208, 59.82
3942, 14596.80208, 59.85
3945, 14695.61458, 59.94
3948, 14596.80208, 59.93
3951, 14690.12499, 59.92
3954, 14690.12499, 59.96
3957, 14690.12499, 60
3960, 14695.61458, 59.97
3963, 14706.59374, 60.04
3965.995, 14596.80208, 60.12
3968.995, 14624.24999, 60.16
3971.87, 14596.80208, 60.26
3975, 14596.80208, 60.36
3978, 14679.14583, 60.4
3981, 14596.80208, 60.32
3984, 14596.80208, 60.37
3987, 14596.80208, 60.44
3990, 14596.80208, 60.41
3993, 14596.80208, 60.41
3996, 14695.61458, 60.44
3999, 14695.61458, 60.45
4002, 14695.61458, 60.45
4005, 14695.61458, 60.47
4008, 14596.80208, 60.5
4011, 14596.80208, 60.57
4014, 14690.12499, 60.54
4017, 14596.80208, 60.62
4020, 14668.16666, 60.62
4023, 14596.80208, 60.62
4025.995, 14679.14583, 60.55
4028.995, 14596.80208, 60.61
4032, 14519.94791, 60.52
4035, 14668.16666, 60.61
4038, 14519.94791, 60.66
4041, 14596.80208, 60.68
4044, 14514.45833, 60.73
4047, 14596.80208, 60.77
4050, 14492.49999, 60.81
4053, 14574.84374, 60.82
4056, 14503.47916, 60.81
4059, 14596.80208, 60.75
4062, 14596.80208, 60.75
4065, 14596.80208, 60.71
4068, 14668.16666, 60.67
4071, 14569.35416, 60.76
4074, 14596.80208, 60.78
4077, 14596.80208, 60.7
4080, 14596.80208, 60.78
4083, 14503.47916, 60.84
4085.995, 14492.49999, 60.94
4088.995, 14432.11458, 60.97
4092, 14492.49999, 60.92
4095, 14503.47916, 60.88
4098, 14355.26041, 60.85
4101, 14503.47916, 60.85
4104, 14492.49999, 60.73
4107, 14503.47916, 60.72
4110, 14514.45833, 60.81
4113, 14596.80208, 60.72
4116, 14519.94791, 60.73
4119, 14421.13541, 60.81
4122, 14487.01041, 60.84
4125, 14492.49999, 61.02
4128, 14432.11458, 60.98
4131, 14421.13541, 60.91
4134, 14596.80208, 60.86
4137, 14514.45833, 60.83
4140, 14596.80208, 60.85
4143, 14487.01041, 60.78
4145.995, 14514.45833, 60.82
4148.995, 14492.49999, 60.89
4152, 14492.49999, 60.82
4155, 14596.80208, 60.81
4158, 14487.01041, 60.87
4161, 14503.47916, 60.92
4164, 14492.49999, 60.96
4167, 14503.47916, 60.9
4170, 14519.94791, 60.88
4173, 14432.11458, 60.86
4175.87, 14492.49999, 60.82
4179, 14503.47916, 60.8
4182, 14492.49999, 60.83
4185, 14596.80208, 60.83
4188, 14492.49999, 60.84
4191, 14492.49999, 60.88
4194, 14410.15624, 60.92
4197, 14437.60416, 60.93
4200, 14421.13541, 60.97
4203, 14503.47916, 60.97
4205.995, 14432.11458, 60.9
4208.995, 14421.13541, 60.86
4211.87, 14492.49999, 60.83
4215, 14421.13541, 60.89
4218, 14492.49999, 60.97
4221, 14421.13541, 60.9
4224, 14492.49999, 60.93
4227, 14492.49999, 60.91
4230, 14492.49999, 60.88
4233, 14503.47916, 60.85
4236, 14437.60416, 60.92
4239, 14432.11458, 60.86
4242, 14503.47916, 60.93
4245, 14569.35416, 60.88
4248, 14432.11458, 60.85
4251, 14503.47916, 60.81
4254, 14432.11458, 60.83
4257, 14503.47916, 60.81
4260, 14492.49999, 60.78
4262.87, 14432.11458, 60.83
4265.995, 14432.11458, 60.79
4268.995, 14437.60416, 60.83
4272, 14432.11458, 60.88
4275, 14421.13541, 60.98
4278, 14338.79166, 60.96
4281, 14338.79166, 60.98
4284, 14338.79166, 60.98
4287, 14421.13541, 60.88
4290, 14432.11458, 60.82
4293, 14437.60416, 60.83
4296, 14432.11458, 60.84
4299, 14503.47916, 60.83
4302, 14432.11458, 60.86
4305, 14437.60416, 60.87
4308, 14437.60416, 60.86
4311, 14410.15624, 60.94
4314, 14421.13541, 60.9
4317, 14410.15624, 60.85
4320, 14437.60416, 60.82
4323, 14437.60416, 60.82
4325.995, 14355.26041, 60.81
4328.995, 14410.15624, 60.81
4332, 14355.26041, 60.87
4335, 14355.26041, 60.88
4338, 14338.79166, 60.86
4341, 14432.11458, 60.88
4344, 14338.79166, 60.83
4347, 14338.79166, 60.84
4350, 14338.79166, 60.83
4353, 14437.60416, 60.83
4356, 14338.79166, 60.8
4359, 14432.11458, 60.83
4362, 14432.11458, 60.82
4365, 14437.60416, 60.81
4368, 14338.79166, 60.8
4371, 14338.79166, 60.71
4374, 14338.79166, 60.8
4377, 14437.60416, 60.8
4380, 14404.66666, 60.85
4382.87, 14421.13541, 60.85
4385.995, 14421.13541, 60.87
4388.87, 14432.11458, 60.88
4391.87, 14338.79166, 60.83
4395, 14338.79166, 60.82
4398, 14432.11458, 60.89
4401, 14492.49999, 60.8
4404, 14432.11458, 60.88
4407, 14338.79166, 60.89
4410, 14338.79166, 60.84
4413, 14421.13541, 60.8
4416, 14338.79166, 60.85
4419, 14338.79166, 60.92
4422, 14410.15624, 60.91
4425, 14421.13541, 60.9
4428, 14421.13541, 60.99
4431, 14432.11458, 60.99
4434, 14338.79166, 60.93
4437, 14432.11458, 60.95
4440, 14338.79166, 61.02
4443, 14338.79166, 61.05
4445.995, 14338.79166, 60.98
4448.995, 14437.60416, 61
4452, 14437.60416, 60.95
4455, 14421.13541, 60.92
4458, 14432.11458, 60.83
4461, 14421.13541, 60.82
4464, 14432.11458, 60.8
4467, 14344.28124, 60.79
4470, 14432.11458, 60.74
4473, 14355.26041, 60.78
4476, 14410.15624, 60.83
4479, 14410.15624, 60.83
4482, 14338.79166, 60.92
4485, 14344.28124, 60.98
4488, 14338.79166, 61
4491, 14432.11458, 61.03
4494, 14421.13541, 60.93
4497, 14487.01041, 60.93
4500, 14503.47916, 60.9
4503, 14404.66666, 60.95
4505.995, 14492.49999, 60.98
4508.995, 14338.79166, 60.91
4512, 14338.79166, 60.96
4515, 14421.13541, 60.96
4518, 14432.11458, 61.07
4521, 14338.79166, 61.07
4524, 14410.15624, 61.14
4527, 14338.79166, 61.12
4530, 14432.11458, 61.07
4533, 14432.11458, 61.06
4536, 14410.15624, 61.07
4539, 14421.13541, 61.14
4542, 14327.81249, 61.03
4545, 14421.13541, 61.04
4548, 14421.13541, 61.07
4551, 14432.11458, 61.08
4554, 14261.93749, 61.13
4557, 14228.99999, 61.12
4560, 14338.79166, 61.14
4563, 14338.79166, 61.1
4565.995, 14261.93749, 61.06
4568.995, 14223.51041, 61.06
4572, 14338.79166, 61.02
4575, 14366.23958, 61.01
4578, 14410.15624, 60.97
4581, 14437.60416, 60.97
4584, 14426.62499, 61
4587, 14426.62499, 60.95
4590, 14421.13541, 60.95
4593, 14338.79166, 61.06
4596, 14421.13541, 61.07
4599, 14338.79166, 61.04
4602, 14421.13541, 61.07
4605, 14261.93749, 60.99
4608, 14344.28124, 61
4611, 14421.13541, 61.07
4614, 14421.13541, 60.97
4617, 14421.13541, 60.91
4620, 14426.62499, 60.9
4623, 14492.49999, 60.93
4625.995, 14338.79166, 60.97
4628.995, 14421.13541, 60.98
4632, 14355.26041, 61
4635, 2223.281249, 61.02
4638, 922.2499997, 60.83
4641, 16.46874999, 60.09
4644, 16.46874999, 58.76
4647, 27.44791666, 56.7
4650, 16.46874999, 54.12
4653, 27.44791666, 51.37
4656, 16.46874999, 48.47
4659, 27.44791666, 45.6
4662, 27.44791666, 42.97
4665, 16.46874999, 40.38
4668, 27.44791666, 38.13
4671, 16.46874999, 35.99
4674, 27.44791666, 34.02
4677, 27.44791666, 32.31
4680, 27.44791666, 30.75
4683, 27.44791666, 29.23
4685.995, 16.46874999, 27.93
4688.995, 16.46874999, 26.83
4692, 16.46874999, 25.79
4695, 16.46874999, 24.99
4698, 27.44791666, 24.17
4701, 27.44791666, 23.42
4704, 27.44791666, 22.86
4707, 27.44791666, 22.36
4710, 16.46874999, 21.84
4713, 27.44791666, 21.36
4716, 16.46874999, 20.86
4719, 27.44791666, 20.57
4722, 16.46874999, 20.2
4725, 16.46874999, 19.91
4728, 27.44791666, 19.6
4731, 27.44791666, 19.21
4734, 27.44791666, 19.06
4737, 16.46874999, 18.86
4740, 27.44791666, 18.6
4743, 27.44791666, 18.48
4745.995, 27.44791666, 18.3
4748.995, 27.44791666, 18.19
4752, 16.46874999, 18.08
4755, 16.46874999, 17.81
4758, 16.46874999, 17.84
4761, 27.44791666, 17.69
4764, 16.46874999, 17.59
4767, 27.44791666, 17.63
4770, 27.44791666, 17.6
4773, 16.46874999, 17.56
4776, 16.46874999, 17.53
4779, 27.44791666, 17.4
4782, 27.44791666, 17.37
4785, 27.44791666, 17.23
4788, 27.44791666, 17.22
4791, 16.46874999, 17.17
4794, 27.44791666, 17.2
4797, 27.44791666, 17.12
4800, 16.46874999, 17.21
4803, 16.46874999, 17.19
4805.995, 27.44791666, 17.19
4808.995, 16.46874999, 17.19
4812, 16.46874999, 17.18
4815, 27.44791666, 17.17
4818, 16.46874999, 17.11
4821, 27.44791666, 17.05
4824, 16.46874999, 16.99
4827, 27.44791666, 16.99
4830, 27.44791666, 16.87
4833, 16.46874999, 16.79
4836, 27.44791666, 16.73
4839, 27.44791666, 16.66
4842, 27.44791666, 16.6
4845, 16.46874999, 16.62
4848, 16.46874999, 16.63
4851, 27.44791666, 16.62
4854, 16.46874999, 16.62
4857, 16.46874999, 16.59
4860, 27.44791666, 16.61
4863, 27.44791666, 16.57
4865.995, 27.44791666, 16.59
4868.995, 27.44791666, 16.58
4872, 27.44791666, 16.48
4875, 16.46874999, 16.47
4878, 27.44791666, 16.51
4881, 27.44791666, 16.46
4884, 27.44791666, 16.44
4887, 16.46874999, 16.44
4890, 27.44791666, 16.48
4893, 27.44791666, 16.48
4896, 27.44791666, 16.44
4899, 16.46874999, 16.43
4902, 27.44791666, 16.48
4905, 27.44791666, 16.39
4908, 16.46874999, 16.25
4911, 27.44791666, 16.24
4914, 16.46874999, 16.18
4917, 27.44791666, 16.1
4920, 27.44791666, 16.09
4923, 16.46874999, 16.16
4925.995, 27.44791666, 16.1
4928.995, 27.44791666, 15.97
4932, 16.46874999, 16.06
4935, 27.44791666, 16.08
4938, 27.44791666, 15.96
4941, 16.46874999, 15.94
4944, 16.46874999, 15.95
4947, 27.44791666, 15.99
4950, 27.44791666, 15.91
4953, 16.46874999, 15.97
4956, 27.44791666, 15.96
4959, 16.46874999, 15.94
4962, 27.44791666, 15.93
4965, 27.44791666, 15.88
4968, 16.46874999, 15.8
4971, 27.44791666, 15.86
4974, 27.44791666, 15.8
4977, 16.46874999, 15.8
4980, 27.44791666, 15.8