Time.y;nonCondensing.T_Out;nonCondensing.T_Inlet;nonCondensing.Qdot_Environment;nonCondensing.Qdot_in;nonCondensing.Qdot_Delivered;nonCondensing.mdot_water;nonCondensing.T_amb;nonCondensing.ControlConstant
0;20;20;0;55555;0;0.244554;20;1
1.2;23.0491;20;40.2163;55555;3124.38;0.244554;20;1
2.4;26.0955;20;77.5769;55555;6245.94;0.244554;20;1
3.6;29.1391;20;112.087;55555;9364.63;0.244554;20;1
4.8;32.1793;20;143.752;55555;12479.9;0.244554;20;1
6;35.2133;20;172.579;55555;15588.8;0.244554;20;1
7.2;37.8231;20;193.027;14344.7;18263;0.244554;20;0.258207
8.4;38.4834;20;185.93;13316.1;18939.6;0.244554;20;0.239692
9.6;39.1147;20;178.689;14348.1;19586.5;0.244554;20;0.258269
10.8;39.7218;20;171.947;16176.1;20208.6;0.244554;20;0.291173
12;40.3042;20;166.343;18833.5;20805.3;0.244554;20;0.339007
13.2;40.862;20;162.484;22190.8;21376.9;0.244554;20;0.399438
14.4;41.3964;20;160.815;25957.1;21924.5;0.244554;20;0.467232
15.6;41.9094;20;161.517;29736.4;22450.1;0.244554;20;0.535261
16.8;42.4035;20;164.459;33120;22956.5;0.244554;20;0.596166
18;42.8814;20;169.231;35780.9;23446.2;0.244554;20;0.644063
19.2;43.3454;20;175.224;37538.9;23921.6;0.244554;20;0.675706
20.4;43.7972;20;181.757;38379.3;24384.6;0.244554;20;0.690835
21.6;44.2379;20;188.195;38431.6;24836.1;0.244554;20;0.691777
22.8;44.6677;20;194.036;37920.3;25276.5;0.244554;20;0.682573
24;45.0866;20;198.968;37108.2;25705.8;0.244554;20;0.667953
25.2;45.4942;20;202.87;36244.7;26123.4;0.244554;20;0.652411
26.4;45.8898;20;205.795;35529.2;26528.8;0.244554;20;0.639532
27.6;46.2732;20;207.92;35090.9;26921.6;0.244554;20;0.631642
28.8;46.6439;20;209.488;34985;27301.5;0.244554;20;0.629736
30;47.002;20;210.762;35201.7;27668.5;0.244554;20;0.633638
31.2;47.3478;20;211.976;35683;28022.7;0.244554;20;0.6423
32.4;47.6815;20;213.307;36342.4;28364.7;0.244554;20;0.654169
33.6;48.0038;20;214.865;37085;28695;0.244554;20;0.667537
34.8;48.3154;20;216.688;37823.8;29014.2;0.244554;20;0.680836
36;48.6168;20;218.757;38490.8;29323.1;0.244554;20;0.692842
37.2;48.9087;20;221.007;39043.2;29622.2;0.244554;20;0.702785
38.4;49.1916;20;223.355;39463.9;29912.1;0.244554;20;0.710358
39.6;49.466;20;225.71;39758.4;30193.2;0.244554;20;0.715659
40.8;49.7321;20;227.993;39948.7;30465.9;0.244554;20;0.719084
42;49.9902;20;230.145;40066.4;30730.4;0.244554;20;0.721202
43.2;50.2405;20;232.131;40145.4;30986.9;0.244554;20;0.722625
44.4;50.4831;20;233.942;40217;31235.5;0.244554;20;0.723914
45.6;50.7182;20;235.589;40305.1;31476.4;0.244554;20;0.725498
46.8;50.9459;20;237.097;40424.6;31709.7;0.244554;20;0.727649
48;51.1664;20;238.501;40581.3;31935.6;0.244554;20;0.73047
49.2;51.3797;20;239.833;40773.1;32154.2;0.244554;20;0.733923
50.4;51.5863;20;241.124;40992.1;32365.8;0.244554;20;0.737865
51.6;51.7861;20;242.398;41227.2;32570.6;0.244554;20;0.742098
52.8;51.9796;20;243.666;41466.6;32768.9;0.244554;20;0.746406
54;52.1669;20;244.935;41699.5;32960.8;0.244554;20;0.750599
55.2;52.3483;20;246.202;41918;33146.7;0.244554;20;0.754531
56.4;52.5239;20;247.459;42117;33326.7;0.244554;20;0.758114
57.6;52.6941;20;248.697;42295.1;33501;0.244554;20;0.761319
58.8;52.8589;20;249.904;42453.4;33669.9;0.244554;20;0.764169
60;53.0187;20;251.072;42595.1;33833.6;0.244554;20;0.766719
61.2;53.1734;20;252.195;42724.4;33992.1;0.244554;20;0.769047
62.4;53.3233;20;253.27;42845.7;34145.7;0.244554;20;0.771231
63.6;53.4685;20;254.296;42963.1;34294.5;0.244554;20;0.773344
64.8;53.6091;20;255.277;43079.6;34438.6;0.244554;20;0.77544
66;53.7453;20;256.217;43196.9;34578.2;0.244554;20;0.777551
67.2;53.8772;20;257.12;43315.7;34713.3;0.244554;20;0.779691
68.4;54.005;20;257.991;43435.9;34844.2;0.244554;20;0.781854
69.6;54.1287;20;258.836;43556.3;34971;0.244554;20;0.784022
70.8;54.2484;20;259.658;43675.7;35093.7;0.244554;20;0.786171
72;54.3644;20;260.458;43792.6;35212.6;0.244554;20;0.788275
73.2;54.4768;20;261.238;43905.8;35327.7;0.244554;20;0.790312
74.4;54.5856;20;261.998;44014.4;35439.2;0.244554;20;0.792266
75.6;54.691;20;262.738;44117.9;35547.2;0.244554;20;0.79413
76.8;54.793;20;263.457;44216.2;35651.7;0.244554;20;0.7959
78;54.8919;20;264.155;44309.7;35753;0.244554;20;0.797583
79.2;54.9876;20;264.83;44398.9;35851.1;0.244554;20;0.799188
80.4;55.0804;20;265.483;44484.3;35946.2;0.244554;20;0.800725
81.6;55.1702;20;266.113;44566.6;36038.2;0.244554;20;0.802206
82.8;55.2572;20;266.722;44646.3;36127.4;0.244554;20;0.803641
84;55.3414;20;267.31;44723.9;36213.7;0.244554;20;0.805038
85.2;55.423;20;267.878;44799.7;36297.3;0.244554;20;0.806402
86.4;55.5021;20;268.427;44873.7;36378.3;0.244554;20;0.807735
87.6;55.5786;20;268.959;44946.1;36456.8;0.244554;20;0.809038
88.8;55.6528;20;269.475;45016.7;36532.7;0.244554;20;0.810308
90;55.7246;20;269.974;45085.4;36606.3;0.244554;20;0.811544
91.2;55.7941;20;270.458;45152;36677.5;0.244554;20;0.812744
92.4;55.8615;20;270.928;45216.5;36746.6;0.244554;20;0.813906
93.6;55.9267;20;271.384;45278.9;36813.4;0.244554;20;0.815028
94.8;55.9899;20;271.826;45339.1;36878.1;0.244554;20;0.816111
96;56.051;20;272.254;45397.1;36940.8;0.244554;20;0.817156
97.2;56.1103;20;272.668;45453.1;37001.6;0.244554;20;0.818164
98.4;56.1677;20;273.07;45507.1;37060.4;0.244554;20;0.819137
99.6;56.2233;20;273.459;45559.4;37117.3;0.244554;20;0.820077
100.8;56.2771;20;273.835;45609.9;37172.5;0.244554;20;0.820987
102;56.3293;20;274.199;45658.9;37225.9;0.244554;20;0.821869
103.2;56.3798;20;274.552;45706.4;37277.7;0.244554;20;0.822724
104.4;56.4287;20;274.893;45752.5;37327.8;0.244554;20;0.823553
105.6;56.4761;20;275.224;45797.2;37376.4;0.244554;20;0.824358
106.8;56.522;20;275.544;45840.6;37423.4;0.244554;20;0.825139
108;56.5664;20;275.854;45882.7;37468.9;0.244554;20;0.825897
109.2;56.6095;20;276.154;45923.5;37513;0.244554;20;0.826631
110.4;56.6512;20;276.445;45963;37555.8;0.244554;20;0.827342
111.6;56.6915;20;276.727;46001.3;37597.1;0.244554;20;0.828031
112.8;56.7307;20;277;46038.3;37637.2;0.244554;20;0.828698
114;56.7685;20;277.265;46074.2;37676;0.244554;20;0.829344
115.2;56.8052;20;277.521;46108.9;37713.6;0.244554;20;0.829968
116.4;56.8408;20;277.769;46142.5;37750;0.244554;20;0.830573
117.6;56.8752;20;278.009;46175;37785.3;0.244554;20;0.831158
118.8;56.9085;20;278.242;46206.5;37819.4;0.244554;20;0.831725
120;56.9408;20;278.468;46236.9;37852.5;0.244554;20;0.832273
121.2;56.9721;20;278.686;46266.5;37884.6;0.244554;20;0.832805
122.4;57.0023;20;278.898;46295.1;37915.6;0.244554;20;0.833319
123.6;57.0317;20;279.102;46322.8;37945.7;0.244554;20;0.833818
124.8;57.0601;20;279.301;46349.6;37974.8;0.244554;20;0.834302
126;57.0876;20;279.493;46375.6;38003;0.244554;20;0.83477
127.2;57.1143;20;279.679;46400.8;38030.3;0.244554;20;0.835224
128.4;57.1401;20;279.859;46425.3;38056.7;0.244554;20;0.835663
129.6;57.1651;20;280.034;46448.9;38082.4;0.244554;20;0.836089
130.8;57.1893;20;280.203;46471.8;38107.2;0.244554;20;0.836501
132;57.2127;20;280.367;46494;38131.2;0.244554;20;0.836901
133.2;57.2355;20;280.525;46515.5;38154.5;0.244554;20;0.837288
134.4;57.2575;20;280.679;46536.3;38177;0.244554;20;0.837662
135.6;57.2788;20;280.828;46556.5;38198.9;0.244554;20;0.838025
136.8;57.2994;20;280.972;46576;38220;0.244554;20;0.838376
138;57.3194;20;281.112;46594.9;38240.5;0.244554;20;0.838716
139.2;57.3388;20;281.247;46613.2;38260.3;0.244554;20;0.839046
140.4;57.3575;20;281.378;46630.9;38279.6;0.244554;20;0.839365
141.6;57.3757;20;281.505;46648.1;38298.2;0.244554;20;0.839674
142.8;57.3933;20;281.628;46664.7;38316.2;0.244554;20;0.839974
144;57.4104;20;281.747;46680.9;38333.7;0.244554;20;0.840264
145.2;57.4269;20;281.862;46696.5;38350.6;0.244554;20;0.840545
146.4;57.4429;20;281.973;46711.6;38367;0.244554;20;0.840817
147.6;57.4583;20;282.082;46726.3;38382.9;0.244554;20;0.841081
148.8;57.4733;20;282.186;46740.4;38398.2;0.244554;20;0.841337
150;57.4879;20;282.288;46754.2;38413.1;0.244554;20;0.841584
151.2;57.502;20;282.386;46767.5;38427.5;0.244554;20;0.841824
152.4;57.5156;20;282.481;46780.4;38441.5;0.244554;20;0.842056
153.6;57.5288;20;282.574;46792.9;38455;0.244554;20;0.842281
154.8;57.5416;20;282.663;46805;38468.1;0.244554;20;0.842498
156;57.554;20;282.749;46816.7;38480.8;0.244554;20;0.842709
157.2;57.566;20;282.833;46828.1;38493.1;0.244554;20;0.842914
158.4;57.5776;20;282.914;46839.1;38505.1;0.244554;20;0.843112
159.6;57.5889;20;282.993;46849.7;38516.6;0.244554;20;0.843304
160.8;57.5998;20;283.069;46860.1;38527.8;0.244554;20;0.843489
162;57.6103;20;283.143;46870;38538.6;0.244554;20;0.843669
163.2;57.6206;20;283.215;46879.7;38549.1;0.244554;20;0.843844
164.4;57.6305;20;283.284;46889.1;38559.2;0.244554;20;0.844012
165.6;57.6401;20;283.351;46898.2;38569.1;0.244554;20;0.844176
166.8;57.6494;20;283.416;46907;38578.6;0.244554;20;0.844335
168;57.6584;20;283.479;46915.5;38587.8;0.244554;20;0.844488
169.2;57.6671;20;283.54;46923.8;38596.8;0.244554;20;0.844637
170.4;57.6756;20;283.599;46931.8;38605.4;0.244554;20;0.844781
171.6;57.6838;20;283.656;46939.6;38613.8;0.244554;20;0.84492
172.8;57.6917;20;283.711;46947.1;38622;0.244554;20;0.845056
174;57.6994;20;283.765;46954.3;38629.8;0.244554;20;0.845187
175.2;57.7068;20;283.817;46961.4;38637.5;0.244554;20;0.845313
176.4;57.714;20;283.867;46968.2;38644.9;0.244554;20;0.845436
177.6;57.721;20;283.916;46974.8;38652;0.244554;20;0.845555
178.8;57.7278;20;283.963;46981.2;38658.9;0.244554;20;0.845671
180;57.7343;20;284.009;46987.4;38665.7;0.244554;20;0.845783
181.2;57.7407;20;284.054;46993.5;38672.2;0.244554;20;0.845891
182.4;57.7468;20;284.097;46999.3;38678.5;0.244554;20;0.845996
183.6;57.7528;20;284.138;47004.9;38684.6;0.244554;20;0.846097
184.8;57.7586;20;284.179;47010.4;38690.5;0.244554;20;0.846196
186;57.7642;20;284.218;47015.7;38696.2;0.244554;20;0.846291
187.2;57.7696;20;284.256;47020.8;38701.8;0.244554;20;0.846384
188.4;57.7748;20;284.292;47025.8;38707.2;0.244554;20;0.846473
189.6;57.7799;20;284.328;47030.6;38712.4;0.244554;20;0.84656
190.8;57.7849;20;284.362;47035.3;38717.4;0.244554;20;0.846644
192;57.7896;20;284.396;47039.8;38722.3;0.244554;20;0.846725
193.2;57.7943;20;284.428;47044.2;38727.1;0.244554;20;0.846804
194.4;57.7987;20;284.459;47048.5;38731.6;0.244554;20;0.846881
195.6;57.8031;20;284.489;47052.6;38736.1;0.244554;20;0.846955
196.8;57.8073;20;284.519;47056.6;38740.4;0.244554;20;0.847027
198;57.8114;20;284.547;47060.4;38744.6;0.244554;20;0.847096
199.2;57.8153;20;284.575;47064.2;38748.6;0.244554;20;0.847164
200.4;57.8191;20;284.602;47067.8;38752.5;0.244554;20;0.847229
201.6;57.8228;20;284.628;47071.3;38756.3;0.244554;20;0.847292
202.8;57.8264;20;284.653;47074.7;38760;0.244554;20;0.847354
204;57.8299;20;284.677;47078;38763.6;0.244554;20;0.847413
205.2;57.8333;20;284.701;47081.2;38767;0.244554;20;0.847471
206.4;57.8365;20;284.723;47084.3;38770.4;0.244554;20;0.847527
207.6;57.8397;20;284.746;47087.3;38773.6;0.244554;20;0.847581
208.8;57.8428;20;284.767;47090.3;38776.8;0.244554;20;0.847633
210;57.8457;20;284.788;47093.1;38779.8;0.244554;20;0.847684
211.2;57.8486;20;284.808;47095.8;38782.8;0.244554;20;0.847733
212.4;57.8514;20;284.827;47098.5;38785.6;0.244554;20;0.847781
213.6;57.8541;20;284.846;47101;38788.4;0.244554;20;0.847827
214.8;57.8567;20;284.865;47103.5;38791.1;0.244554;20;0.847872
216;57.8593;20;284.882;47105.9;38793.7;0.244554;20;0.847916
217.2;57.8617;20;284.9;47108.3;38796.2;0.244554;20;0.847958
218.4;57.8641;20;284.916;47110.6;38798.7;0.244554;20;0.847998
219.6;57.8664;20;284.932;47112.8;38801;0.244554;20;0.848038
220.8;57.8687;20;284.948;47114.9;38803.3;0.244554;20;0.848076
222;57.8709;20;284.963;47117;38805.6;0.244554;20;0.848114
223.2;57.873;20;284.978;47119;38807.7;0.244554;20;0.84815
224.4;57.875;20;284.992;47120.9;38809.8;0.244554;20;0.848185
225.6;57.877;20;285.006;47122.8;38811.8;0.244554;20;0.848219
226.8;57.8789;20;285.02;47124.6;38813.8;0.244554;20;0.848251
228;57.8808;20;285.033;47126.4;38815.7;0.244554;20;0.848283
229.2;57.8826;20;285.045;47128.1;38817.5;0.244554;20;0.848314
230.4;57.8843;20;285.057;47129.8;38819.3;0.244554;20;0.848344
231.6;57.886;20;285.069;47131.4;38821.1;0.244554;20;0.848373
232.8;57.8876;20;285.081;47132.9;38822.7;0.244554;20;0.848401
234;57.8892;20;285.092;47134.5;38824.4;0.244554;20;0.848429
235.2;57.8908;20;285.103;47135.9;38826;0.244554;20;0.848455
236.4;57.8923;20;285.113;47137.4;38827.5;0.244554;20;0.848481
237.6;57.8937;20;285.123;47138.7;38829;0.244554;20;0.848506
238.8;57.8951;20;285.133;47140.1;38830.4;0.244554;20;0.84853
240;57.8965;20;285.143;47141.4;38831.8;0.244554;20;0.848553
241.2;57.8978;20;285.152;47142.6;38833.2;0.244554;20;0.848576
242.4;57.8991;20;285.161;47143.9;38834.5;0.244554;20;0.848598
243.6;57.9003;20;285.17;47145.1;38835.7;0.244554;20;0.84862
244.8;57.9015;20;285.178;47146.2;38837;0.244554;20;0.84864
246;57.9027;20;285.186;47147.3;38838.2;0.244554;20;0.848661
247.2;57.9038;20;285.194;47148.4;38839.3;0.244554;20;0.84868
248.4;57.9049;20;285.202;47149.5;38840.5;0.244554;20;0.848699
249.6;57.906;20;285.209;47150.5;38841.6;0.244554;20;0.848717
250.8;57.907;20;285.216;47151.5;38842.6;0.244554;20;0.848735
252;57.908;20;285.224;47152.4;38843.6;0.244554;20;0.848753
253.2;57.909;20;285.23;47153.4;38844.6;0.244554;20;0.848769
254.4;57.91;20;285.237;47154.3;38845.6;0.244554;20;0.848786
255.6;57.9109;20;285.243;47155.2;38846.5;0.244554;20;0.848802
256.8;57.9118;20;285.25;47156;38847.5;0.244554;20;0.848817
258;57.9126;20;285.256;47156.9;38848.3;0.244554;20;0.848832
259.2;57.9135;20;285.262;47157.7;38849.2;0.244554;20;0.848846
260.4;57.9143;20;285.267;47158.4;38850;0.244554;20;0.84886
261.6;57.9151;20;285.273;47159.2;38850.8;0.244554;20;0.848874
262.8;57.9158;20;285.278;47159.9;38851.6;0.244554;20;0.848887
264;57.9166;20;285.283;47160.6;38852.4;0.244554;20;0.8489
265.2;57.9173;20;285.288;47161.3;38853.1;0.244554;20;0.848913
266.4;57.918;20;285.293;47162;38853.8;0.244554;20;0.848925
267.6;57.9187;20;285.298;47162.7;38854.5;0.244554;20;0.848937
268.8;57.9193;20;285.303;47163.3;38855.2;0.244554;20;0.848948
270;57.9199;20;285.307;47163.9;38855.9;0.244554;20;0.848959
271.2;57.9206;20;285.311;47164.5;38856.5;0.244554;20;0.84897
272.4;57.9212;20;285.316;47165.1;38857.1;0.244554;20;0.848981
273.6;57.9218;20;285.32;47165.7;38857.7;0.244554;20;0.848991
274.8;57.9223;20;285.324;47166.2;38858.3;0.244554;20;0.849001
276;57.9229;20;285.328;47166.8;38858.9;0.244554;20;0.84901
277.2;57.9234;20;285.331;47167.3;38859.4;0.244554;20;0.84902
278.4;57.9239;20;285.335;47167.8;38859.9;0.244554;20;0.849029
279.6;57.9244;20;285.339;47168.3;38860.5;0.244554;20;0.849038
280.8;57.9249;20;285.342;47168.8;38861;0.244554;20;0.849046
282;57.9254;20;285.346;47169.2;38861.5;0.244554;20;0.849055
283.2;57.9259;20;285.349;47169.7;38861.9;0.244554;20;0.849063
284.4;57.9263;20;285.352;47170.1;38862.4;0.244554;20;0.849071
285.6;57.9268;20;285.355;47170.6;38862.8;0.244554;20;0.849079
286.8;57.9272;20;285.358;47171;38863.3;0.244554;20;0.849086
288;57.9276;20;285.361;47171.4;38863.7;0.244554;20;0.849093
289.2;57.928;20;285.364;47171.8;38864.1;0.244554;20;0.849101
290.4;57.9284;20;285.367;47172.2;38864.5;0.244554;20;0.849107
291.6;57.9288;20;285.369;47172.5;38864.9;0.244554;20;0.849114
292.8;57.9291;20;285.372;47172.9;38865.3;0.244554;20;0.849121
294;57.9295;20;285.374;47173.3;38865.7;0.244554;20;0.849127
295.2;57.9299;20;285.377;47173.6;38866;0.244554;20;0.849133
296.4;57.9302;20;285.379;47173.9;38866.4;0.244554;20;0.849139
297.6;57.9305;20;285.382;47174.3;38866.7;0.244554;20;0.849145
298.8;57.9309;20;285.384;47174.6;38867;0.244554;20;0.849151
300;57.9312;20;285.386;47174.9;38867.4;0.244554;20;0.849157
301.2;57.9315;20;285.388;47175.2;38867.7;0.244554;20;0.849162
302.4;57.9318;20;285.39;47175.5;38868;0.244554;20;0.849168
303.6;57.9321;20;285.392;47175.8;38868.3;0.244554;20;0.849173
304.8;57.9324;20;285.394;47176.1;38868.6;0.244554;20;0.849178
306;57.9326;20;285.396;47176.3;38868.8;0.244554;20;0.849183
307.2;57.9329;20;285.398;47176.6;38869.1;0.244554;20;0.849188
308.4;57.9332;20;285.4;47176.9;38869.4;0.244554;20;0.849192
309.6;57.9334;20;285.402;47177.1;38869.6;0.244554;20;0.849197
310.8;57.9337;20;285.404;47177.4;38869.9;0.244554;20;0.849201
312;57.9339;20;285.405;47177.6;38870.1;0.244554;20;0.849206
313.2;57.9341;20;285.407;47177.9;38870.4;0.244554;20;0.84921
314.4;57.9344;20;285.409;47178.1;38870.6;0.244554;20;0.849214
315.6;57.9346;20;285.41;47178.3;38870.9;0.244554;20;0.849218
316.8;57.9348;20;285.412;47178.5;38871.1;0.244554;20;0.849222
318;57.935;20;285.413;47178.8;38871.3;0.244554;20;0.849226
319.2;57.9352;20;285.415;47179;38871.5;0.244554;20;0.84923
320.4;57.9354;20;285.416;47179.2;38871.7;0.244554;20;0.849234
321.6;57.9356;20;285.418;47179.4;38871.9;0.244554;20;0.849237
322.8;57.9358;20;285.419;47179.6;38872.1;0.244554;20;0.849241
324;57.936;20;285.42;47179.8;38872.3;0.244554;20;0.849244
325.2;57.9362;20;285.422;47180;38872.5;0.244554;20;0.849248
326.4;57.9364;20;285.423;47180.1;38872.7;0.244554;20;0.849251
327.6;57.9366;20;285.424;47180.3;38872.9;0.244554;20;0.849254
328.8;57.9367;20;285.426;47180.5;38873;0.244554;20;0.849257
330;57.9369;20;285.427;47180.7;38873.2;0.244554;20;0.849261
331.2;57.9371;20;285.428;47180.8;38873.4;0.244554;20;0.849264
332.4;57.9372;20;285.429;47181;38873.6;0.244554;20;0.849267
333.6;57.9374;20;285.43;47181.2;38873.7;0.244554;20;0.84927
334.8;57.9375;20;285.431;47181.3;38873.9;0.244554;20;0.849272
336;57.9377;20;285.432;47181.5;38874;0.244554;20;0.849275
337.2;57.9378;20;285.433;47181.6;38874.2;0.244554;20;0.849278
338.4;57.938;20;285.434;47181.8;38874.3;0.244554;20;0.849281
339.6;57.9381;20;285.435;47181.9;38874.5;0.244554;20;0.849284
340.8;57.9383;20;285.436;47182.1;38874.6;0.244554;20;0.849286
342;57.9384;20;285.437;47182.2;38874.8;0.244554;20;0.849289
343.2;57.9385;20;285.438;47182.4;38874.9;0.244554;20;0.849291
344.4;57.9387;20;285.439;47182.5;38875;0.244554;20;0.849294
345.6;57.9388;20;285.44;47182.6;38875.1;0.244554;20;0.849296
346.8;57.9389;20;285.441;47182.8;38875.3;0.244554;20;0.849299
348;57.939;20;285.442;47182.9;38875.4;0.244554;20;0.849301
349.2;57.9391;20;285.443;47183;38875.5;0.244554;20;0.849303
350.4;57.9393;20;285.444;47183.2;38875.6;0.244554;20;0.849306
351.6;57.9394;20;285.445;47183.3;38875.8;0.244554;20;0.849308
352.8;57.9395;20;285.445;47183.4;38875.9;0.244554;20;0.84931
354;57.9396;20;285.446;47183.5;38876;0.244554;20;0.849312
355.2;57.9397;20;285.447;47183.7;38876.1;0.244554;20;0.849314
356.4;57.9398;20;285.448;47183.8;38876.2;0.244554;20;0.849316
357.6;57.9399;20;285.449;47183.9;38876.3;0.244554;20;0.849318
358.8;57.94;20;285.449;47184;38876.4;0.244554;20;0.84932
360;57.9401;20;285.45;47184.1;38876.5;0.244554;20;0.849322
361.2;57.9402;20;285.451;47184.2;38876.6;0.244554;20;0.849324
362.4;57.9403;20;285.452;47184.3;38876.8;0.244554;20;0.849326
363.6;57.9404;20;285.452;47184.4;38876.8;0.244554;20;0.849328
364.8;57.9405;20;285.453;47184.5;38876.9;0.244554;20;0.84933
366;57.9406;20;285.454;47184.6;38877;0.244554;20;0.849332
367.2;57.9407;20;285.454;47184.7;38877.1;0.244554;20;0.849334
368.4;57.9408;20;285.455;47184.8;38877.2;0.244554;20;0.849336
369.6;57.9409;20;285.456;47184.9;38877.3;0.244554;20;0.849338
370.8;57.941;20;285.456;47185.1;38877.4;0.244554;20;0.849339
372;57.9411;20;285.457;47185.1;38877.5;0.244554;20;0.849341
373.2;57.9412;20;285.458;47185.2;38877.6;0.244554;20;0.849343
374.4;57.9413;20;285.458;47185.3;38877.7;0.244554;20;0.849345
375.6;57.9413;20;285.459;47185.4;38877.8;0.244554;20;0.849346
376.8;57.9414;20;285.459;47185.5;38877.9;0.244554;20;0.849348
378;57.9415;20;285.46;47185.6;38877.9;0.244554;20;0.84935
379.2;57.9416;20;285.461;47185.7;38878;0.244554;20;0.849351
380.4;57.9417;20;285.461;47185.8;38878.1;0.244554;20;0.849353
381.6;57.9417;20;285.462;47185.9;38878.2;0.244554;20;0.849355
382.8;57.9418;20;285.462;47186;38878.3;0.244554;20;0.849356
384;57.9419;20;285.463;47186.1;38878.3;0.244554;20;0.849358
385.2;57.942;20;285.463;47186.2;38878.4;0.244554;20;0.849359
386.4;57.9421;20;285.464;47186.2;38878.5;0.244554;20;0.849361
387.6;57.9421;20;285.465;47186.3;38878.6;0.244554;20;0.849362
388.8;57.9422;20;285.465;47186.4;38878.7;0.244554;20;0.849364
390;57.9423;20;285.466;47186.5;38878.7;0.244554;20;0.849365
391.2;57.9423;20;285.466;47186.6;38878.8;0.244554;20;0.849367
392.4;57.9424;20;285.467;47186.7;38878.9;0.244554;20;0.849368
393.6;57.9425;20;285.467;47186.7;38879;0.244554;20;0.84937
394.8;57.9426;20;285.468;47186.8;38879;0.244554;20;0.849371
396;57.9426;20;285.468;47186.9;38879.1;0.244554;20;0.849373
397.2;57.9427;20;285.469;47187;38879.2;0.244554;20;0.849374
398.4;57.9428;20;285.469;47187.1;38879.2;0.244554;20;0.849376
399.6;57.9428;20;285.47;47187.1;38879.3;0.244554;20;0.849377
400.8;57.9429;20;285.47;47187.2;38879.4;0.244554;20;0.849378
402;57.943;20;285.471;47187.3;38879.4;0.244554;20;0.84938
403.2;57.943;20;285.471;47187.4;38879.5;0.244554;20;0.849381
404.4;57.9431;20;285.472;47187.4;38879.6;0.244554;20;0.849383
405.6;57.9432;20;285.472;47187.5;38879.6;0.244554;20;0.849384
406.8;57.9432;20;285.473;47187.6;38879.7;0.244554;20;0.849385
408;57.9433;20;285.473;47187.7;38879.8;0.244554;20;0.849387
409.2;57.9434;20;285.474;47187.8;38879.8;0.244554;20;0.849388
410.4;57.9434;20;285.474;47187.8;38879.9;0.244554;20;0.849389
411.6;57.9435;20;285.475;47187.9;38880;0.244554;20;0.849391
412.8;57.9435;20;285.475;47188;38880;0.244554;20;0.849392
414;57.9436;20;285.475;47188;38880.1;0.244554;20;0.849393
415.2;57.9437;20;285.476;47188.1;38880.2;0.244554;20;0.849395
416.4;57.9437;20;285.476;47188.2;38880.2;0.244554;20;0.849396
417.6;57.9438;20;285.477;47188.3;38880.3;0.244554;20;0.849397
418.8;57.9439;20;285.477;47188.3;38880.3;0.244554;20;0.849399
420;57.9439;20;285.478;47188.4;38880.4;0.244554;20;0.8494
421.2;57.944;20;285.478;47188.5;38880.5;0.244554;20;0.849401
422.4;57.944;20;285.479;47188.6;38880.5;0.244554;20;0.849402
423.6;57.9441;20;285.479;47188.6;38880.6;0.244554;20;0.849404
424.8;57.9441;20;285.479;47188.7;38880.7;0.244554;20;0.849405
426;57.9442;20;285.48;47188.8;38880.7;0.244554;20;0.849406
427.2;57.9443;20;285.48;47188.8;38880.8;0.244554;20;0.849407
428.4;57.9443;20;285.481;47188.9;38880.8;0.244554;20;0.849409
429.6;57.9444;20;285.481;47189;38880.9;0.244554;20;0.84941
430.8;57.9444;20;285.482;47189;38880.9;0.244554;20;0.849411
432;57.9445;20;285.482;47189.1;38881;0.244554;20;0.849412
433.2;57.9445;20;285.482;47189.2;38881.1;0.244554;20;0.849414
434.4;57.9446;20;285.483;47189.2;38881.1;0.244554;20;0.849415
435.6;57.9447;20;285.483;47189.3;38881.2;0.244554;20;0.849416
436.8;57.9447;20;285.484;47189.4;38881.2;0.244554;20;0.849417
438;57.9448;20;285.484;47189.4;38881.3;0.244554;20;0.849418
439.2;57.9448;20;285.485;47189.5;38881.4;0.244554;20;0.84942
440.4;57.9449;20;285.485;47189.6;38881.4;0.244554;20;0.849421
441.6;57.9449;20;285.485;47189.6;38881.5;0.244554;20;0.849422
442.8;57.945;20;285.486;47189.7;38881.5;0.244554;20;0.849423
444;57.945;20;285.486;47189.8;38881.6;0.244554;20;0.849424
445.2;57.9451;20;285.487;47189.8;38881.6;0.244554;20;0.849426
446.4;57.9452;20;285.487;47189.9;38881.7;0.244554;20;0.849427
447.6;57.9452;20;285.487;47190;38881.7;0.244554;20;0.849428
448.8;57.9453;20;285.488;47190;38881.8;0.244554;20;0.849429
450;57.9453;20;285.488;47190.1;38881.9;0.244554;20;0.84943
451.2;57.9454;20;285.489;47190.2;38881.9;0.244554;20;0.849432
452.4;57.9454;20;285.489;47190.2;38882;0.244554;20;0.849433
453.6;57.9455;20;285.489;47190.3;38882;0.244554;20;0.849434
454.8;57.9455;20;285.49;47190.4;38882.1;0.244554;20;0.849435
456;57.9456;20;285.49;47190.4;38882.1;0.244554;20;0.849436
457.2;57.9456;20;285.491;47190.5;38882.2;0.244554;20;0.849437
458.4;57.9457;20;285.491;47190.6;38882.2;0.244554;20;0.849439
459.6;57.9457;20;285.491;47190.6;38882.3;0.244554;20;0.84944
460.8;57.9458;20;285.492;47190.7;38882.3;0.244554;20;0.849441
462;57.9459;20;285.492;47190.8;38882.4;0.244554;20;0.849442
463.2;57.9459;20;285.493;47190.8;38882.5;0.244554;20;0.849443
464.4;57.946;20;285.493;47190.9;38882.5;0.244554;20;0.849444
465.6;57.946;20;285.493;47190.9;38882.6;0.244554;20;0.849446
466.8;57.9461;20;285.494;47191;38882.6;0.244554;20;0.849447
468;57.9461;20;285.494;47191.1;38882.7;0.244554;20;0.849448
469.2;57.9462;20;285.495;47191.1;38882.7;0.244554;20;0.849449
470.4;57.9462;20;285.495;47191.2;38882.8;0.244554;20;0.84945
471.6;57.9463;20;285.495;47191.3;38882.8;0.244554;20;0.849451
472.8;57.9463;20;285.496;47191.3;38882.9;0.244554;20;0.849452
474;57.9464;20;285.496;47191.4;38882.9;0.244554;20;0.849454
475.2;57.9464;20;285.497;47191.5;38883;0.244554;20;0.849455
476.4;57.9465;20;285.497;47191.5;38883;0.244554;20;0.849456
477.6;57.9465;20;285.497;47191.6;38883.1;0.244554;20;0.849457
478.8;57.9466;20;285.498;47191.6;38883.1;0.244554;20;0.849458
480;57.9466;20;285.498;47191.7;38883.2;0.244554;20;0.849459
481.2;57.9467;20;285.498;47191.8;38883.3;0.244554;20;0.84946
482.4;57.9467;20;285.499;47191.8;38883.3;0.244554;20;0.849462
483.6;57.9468;20;285.499;47191.9;38883.4;0.244554;20;0.849463
484.8;57.9468;20;285.5;47192;38883.4;0.244554;20;0.849464
486;57.9469;20;285.5;47192;38883.5;0.244554;20;0.849465
487.2;57.9469;20;285.5;47192.1;38883.5;0.244554;20;0.849466
488.4;57.947;20;285.501;47192.2;38883.6;0.244554;20;0.849467
489.6;57.947;20;285.501;47192.2;38883.6;0.244554;20;0.849468
490.8;57.9471;20;285.501;47192.3;38883.7;0.244554;20;0.849469
492;57.9471;20;285.502;47192.3;38883.7;0.244554;20;0.849471
493.2;57.9472;20;285.502;47192.4;38883.8;0.244554;20;0.849472
494.4;57.9472;20;285.503;47192.5;38883.8;0.244554;20;0.849473
495.6;57.9473;20;285.503;47192.5;38883.9;0.244554;20;0.849474
496.8;57.9473;20;285.503;47192.6;38883.9;0.244554;20;0.849475
498;57.9474;20;285.504;47192.7;38884;0.244554;20;0.849476
499.2;57.9474;20;285.504;47192.7;38884;0.244554;20;0.849477
500.4;57.9475;20;285.505;47192.8;38884.1;0.244554;20;0.849478
501.6;57.9475;20;285.505;47192.8;38884.1;0.244554;20;0.84948
502.8;57.9476;20;285.505;47192.9;38884.2;0.244554;20;0.849481
504;57.9476;20;285.506;47193;38884.2;0.244554;20;0.849482
505.2;57.9477;20;285.506;47193;38884.3;0.244554;20;0.849483
506.4;57.9477;20;285.506;47193.1;38884.3;0.244554;20;0.849484
507.6;57.9478;20;285.507;47193.1;38884.4;0.244554;20;0.849485
508.8;57.9478;20;285.507;47193.2;38884.4;0.244554;20;0.849486
510;57.9479;20;285.508;47193.3;38884.5;0.244554;20;0.849487
511.2;57.9479;20;285.508;47193.3;38884.5;0.244554;20;0.849488
512.4;57.948;20;285.508;47193.4;38884.6;0.244554;20;0.84949
513.6;57.948;20;285.509;47193.5;38884.6;0.244554;20;0.849491
514.8;57.9481;20;285.509;47193.5;38884.7;0.244554;20;0.849492
516;57.9481;20;285.509;47193.6;38884.8;0.244554;20;0.849493
517.2;57.9482;20;285.51;47193.6;38884.8;0.244554;20;0.849494
518.4;57.9482;20;285.51;47193.7;38884.9;0.244554;20;0.849495
519.6;57.9483;20;285.511;47193.8;38884.9;0.244554;20;0.849496
520.8;57.9483;20;285.511;47193.8;38885;0.244554;20;0.849497
522;57.9484;20;285.511;47193.9;38885;0.244554;20;0.849499
523.2;57.9484;20;285.512;47194;38885.1;0.244554;20;0.8495
524.4;57.9485;20;285.512;47194;38885.1;0.244554;20;0.849501
525.6;57.9485;20;285.512;47194.1;38885.2;0.244554;20;0.849502
526.8;57.9486;20;285.513;47194.1;38885.2;0.244554;20;0.849503
528;57.9486;20;285.513;47194.2;38885.3;0.244554;20;0.849504
529.2;57.9487;20;285.514;47194.3;38885.3;0.244554;20;0.849505
530.4;57.9487;20;285.514;47194.3;38885.4;0.244554;20;0.849506
531.6;57.9488;20;285.514;47194.4;38885.4;0.244554;20;0.849507
532.8;57.9488;20;285.515;47194.4;38885.5;0.244554;20;0.849508
534;57.9489;20;285.515;47194.5;38885.5;0.244554;20;0.84951
535.2;57.9489;20;285.515;47194.6;38885.6;0.244554;20;0.849511
536.4;57.949;20;285.516;47194.6;38885.6;0.244554;20;0.849512
537.6;57.949;20;285.516;47194.7;38885.7;0.244554;20;0.849513
538.8;57.9491;20;285.517;47194.8;38885.7;0.244554;20;0.849514
540;57.9491;20;285.517;47194.8;38885.8;0.244554;20;0.849515
541.2;57.9492;20;285.517;47194.9;38885.8;0.244554;20;0.849516
542.4;57.9492;20;285.518;47194.9;38885.9;0.244554;20;0.849517
543.6;57.9493;20;285.518;47195;38885.9;0.244554;20;0.849518
544.8;57.9493;20;285.518;47195.1;38886;0.244554;20;0.84952
546;57.9494;20;285.519;47195.1;38886;0.244554;20;0.849521
547.2;57.9494;20;285.519;47195.2;38886.1;0.244554;20;0.849522
548.4;57.9495;20;285.52;47195.2;38886.1;0.244554;20;0.849523
549.6;57.9495;20;285.52;47195.3;38886.2;0.244554;20;0.849524
550.8;57.9496;20;285.52;47195.4;38886.2;0.244554;20;0.849525
552;57.9496;20;285.521;47195.4;38886.3;0.244554;20;0.849526
553.2;57.9497;20;285.521;47195.5;38886.3;0.244554;20;0.849527
554.4;57.9497;20;285.521;47195.5;38886.4;0.244554;20;0.849528
555.6;57.9498;20;285.522;47195.6;38886.4;0.244554;20;0.849529
556.8;57.9498;20;285.522;47195.7;38886.5;0.244554;20;0.849531
558;57.9499;20;285.522;47195.7;38886.5;0.244554;20;0.849532
559.2;57.9499;20;285.523;47195.8;38886.6;0.244554;20;0.849533
560.4;57.95;20;285.523;47195.9;38886.6;0.244554;20;0.849534
561.6;57.95;20;285.524;47195.9;38886.7;0.244554;20;0.849535
562.8;57.9501;20;285.524;47196;38886.7;0.244554;20;0.849536
564;57.9501;20;285.524;47196;38886.8;0.244554;20;0.849537
565.2;57.9502;20;285.525;47196.1;38886.8;0.244554;20;0.849538
566.4;57.9502;20;285.525;47196.2;38886.9;0.244554;20;0.849539
567.6;57.9503;20;285.525;47196.2;38886.9;0.244554;20;0.84954
568.8;57.9503;20;285.526;47196.3;38887;0.244554;20;0.849542
570;57.9504;20;285.526;47196.3;38887;0.244554;20;0.849543
571.2;57.9504;20;285.527;47196.4;38887.1;0.244554;20;0.849544
572.4;57.9505;20;285.527;47196.5;38887.1;0.244554;20;0.849545
573.6;57.9505;20;285.527;47196.5;38887.2;0.244554;20;0.849546
574.8;57.9506;20;285.528;47196.6;38887.2;0.244554;20;0.849547
576;57.9506;20;285.528;47196.6;38887.3;0.244554;20;0.849548
577.2;57.9507;20;285.528;47196.7;38887.3;0.244554;20;0.849549
578.4;57.9507;20;285.529;47196.8;38887.4;0.244554;20;0.84955
579.6;57.9508;20;285.529;47196.8;38887.4;0.244554;20;0.849551
580.8;57.9508;20;285.53;47196.9;38887.5;0.244554;20;0.849553
582;57.9509;20;285.53;47197;38887.5;0.244554;20;0.849554
583.2;57.9509;20;285.53;47197;38887.6;0.244554;20;0.849555
584.4;57.951;20;285.531;47197.1;38887.6;0.244554;20;0.849556
585.6;57.951;20;285.531;47197.1;38887.7;0.244554;20;0.849557
586.8;57.9511;20;285.531;47197.2;38887.7;0.244554;20;0.849558
588;57.9511;20;285.532;47197.3;38887.8;0.244554;20;0.849559
589.2;57.9512;20;285.532;47197.3;38887.8;0.244554;20;0.84956
590.4;57.9512;20;285.532;47197.4;38887.9;0.244554;20;0.849561
591.6;57.9513;20;285.533;47197.4;38887.9;0.244554;20;0.849562
592.8;57.9513;20;285.533;47197.5;38888;0.244554;20;0.849564
594;57.9514;20;285.534;47197.6;38888;0.244554;20;0.849565
595.2;57.9514;20;285.534;47197.6;38888.1;0.244554;20;0.849566
596.4;57.9515;20;285.534;47197.7;38888.1;0.244554;20;0.849567
597.6;57.9515;20;285.535;47197.7;38888.2;0.244554;20;0.849568
598.8;57.9515;20;285.535;47197.8;38888.2;0.244554;20;0.849569
600;57.9516;20;285.535;47197.9;38888.3;0.244554;20;0.84957
600;57.9516;20;285.535;47197.9;38888.3;0.244554;20;0.84957
